NMF,LC,NAD, NUC, NMS, NMD, Entropy ,MLMF,CFC,NCC,NMC,a2a
0,0,0,0,0,0,0,0,0,0,0,100
0,0,0,0,0,0,0,0,0,0,0,100
0,0,0,0,0,0,0,0,0,0,0,100
4,51,0,10,1,2,1.53554765,485,11,303,4,93.77682403
0,0,0,0,0,0,0,0,0,0,0,100
1,0,0,16,1,1,0,462,0,1,0,100
24,378,14,17,1,6,4.080698285,4615,60,289,32,93.46642468
61,66,0,18,1,9,5.29439242,9223,0,6,0,92.90187891
0,0,0,0,0,0,0,0,0,0,0,100
15,24,4,18,1,3,3.201329052,2777,2,135,3,97.59358289
0,0,0,0,0,0,0,0,0,0,0,100
12,641,6,14,1,4,3.017296424,871,56,2544,38,96.40102828
0,0,0,0,0,0,0,0,0,0,0,100
8,9,0,12,1,3,2.846301808,445,0,0,0,100
1,11,0,14,1,1,0,270,6,62,1,100
6,23,0,19,1,4,2.022012759,2090,3,164,5,100
6,229,3,13,1,4,1.802370874,515,21,1116,17,93.99538106
2,168,1,4,1,2,0.193196413,623,4,948,4,98.72881356
3,85,1,5,1,2,0.309461189,581,6,381,2,99.59016393
0,0,0,0,0,0,0,0,0,0,0,100
0,0,0,0,0,0,0,0,0,0,0,100
1,7,0,15,1,1,0,281,3,82,0,100
2,28,0,2,1,1,1,68,0,0,0,100
8,163,0,14,1,3,2.517193933,904,21,932,17,100
2,3,0,19,1,1,0.721928095,1046,2,29,0,100
0,0,0,0,0,0,0,0,0,0,0,100
2,350,2,1,1,2,0.994693795,0,74,2409,23,96.7462039
23,243,2,20,1,6,3.433059815,3366,40,1514,22,98.39449541
0,0,0,0,0,0,0,0,0,0,0,100
5,43,0,20,1,5,1.494220774,1600,4,320,7,100
0,0,0,0,0,0,0,0,0,0,0,100
2,34,0,3,1,2,1,156,0,0,0,100
0,0,0,0,0,0,0,0,0,0,0,100
0,0,0,0,0,0,0,0,0,0,0,100
0,0,0,0,0,0,0,0,0,0,0,100
0,0,0,0,0,0,0,0,0,0,0,100
0,0,0,0,0,0,0,0,0,0,0,100
97,2508,33,16,1,12,5.434778564,14470,303,10953,159,79.76470588
2,10,0,15,1,2,0.286396957,499,6,91,0,100
24,22,0,22,1,7,4.074760941,5530,2,141,2,99.23954373
0,0,0,0,0,0,0,0,0,0,0,100
0,0,0,0,0,0,0,0,0,0,0,100
0,0,0,0,0,0,0,0,0,0,0,100
0,0,0,0,0,0,0,0,0,0,0,100
0,0,0,0,0,0,0,0,0,0,0,100
0,0,0,0,0,0,0,0,0,0,0,100
0,0,0,0,0,0,0,0,0,0,0,100
1,3,0,14,1,1,0,149,4,29,0,100
2,22,0,23,1,2,0.249882293,1623,4,71,2,100
3,127,1,23,1,3,0.86705026,602,12,660,9,99.62121212
0,0,0,0,0,0,0,0,0,0,0,100
0,0,0,0,0,0,0,0,0,0,0,100
0,0,0,0,0,0,0,0,0,0,0,100
0,0,0,0,0,0,0,0,0,0,0,100
3,118,2,21,1,2,1.501727227,359,10,392,4,98.88682746
0,0,0,0,0,0,0,0,0,0,0,100
0,0,0,0,0,0,0,0,0,0,0,100
0,0,0,0,0,0,0,0,0,0,0,100
0,0,0,0,0,0,0,0,0,0,0,100
0,0,0,0,0,0,0,0,0,0,0,100
0,0,0,0,0,0,0,0,0,0,0,100
0,0,0,0,0,0,0,0,0,0,0,100
4,78,0,13,1,2,1.518193186,613,13,543,7,100
0,0,0,0,0,0,0,0,0,0,0,100
0,0,0,0,0,0,0,0,0,0,0,100
0,0,0,0,0,0,0,0,0,0,0,100
0,0,0,0,0,0,0,0,0,0,0,100
0,0,0,0,0,0,0,0,0,0,0,100
7,59,0,24,1,5,2.513346984,2025,8,436,5,78.73303167
2,27,0,25,1,2,0.907165768,1102,4,138,1,100
16,17,0,22,1,4,3.036039894,1855,11,80,3,90.60402685
0,0,0,0,0,0,0,0,0,0,0,100
0,0,0,0,0,0,0,0,0,0,0,100
0,0,0,0,0,0,0,0,0,0,0,100
0,0,0,0,0,0,0,0,0,0,0,100
3,14,0,26,1,2,1.369471138,1317,0,151,1,100
0,0,0,0,0,0,0,0,0,0,0,100
0,0,0,0,0,0,0,0,0,0,0,100
0,0,0,0,0,0,0,0,0,0,0,100
0,0,0,0,0,0,0,0,0,0,0,100
0,0,0,0,0,0,0,0,0,0,0,100
0,0,0,0,0,0,0,0,0,0,0,100
0,0,0,0,0,0,0,0,0,0,0,100
0,0,0,0,0,0,0,0,0,0,0,100
0,0,0,0,0,0,0,0,0,0,0,100
0,0,0,0,0,0,0,0,0,0,0,100
0,0,0,0,0,0,0,0,0,0,0,100
0,0,0,0,0,0,0,0,0,0,0,100
0,0,0,0,0,0,0,0,0,0,0,100
2,61,1,2,1,2,0.208180946,58,6,309,1,99.23664122
0,0,0,0,0,0,0,0,0,0,0,100
2,97,0,23,1,2,0.971941752,457,6,556,5,98.87218045
2,1,0,24,1,1,0.634309555,668,0,0,0,100
3,1,0,11,1,3,1.456564762,559,0,27,0,100
14,592,1,21,1,5,2.778364912,2238,114,3432,65,74.56359102
0,0,0,0,0,0,0,0,0,0,0,100
0,0,0,0,0,0,0,0,0,0,0,100
0,0,0,0,0,0,0,0,0,0,0,100
0,0,0,0,0,0,0,0,0,0,0,100
0,0,0,0,0,0,0,0,0,0,0,100
0,0,0,0,0,0,0,0,0,0,0,100
4,54,0,25,1,3,1.967788463,564,6,220,4,100
4,18,0,27,1,3,1.866196857,1283,5,86,2,94.83101392
0,0,0,0,0,0,0,0,0,0,0,100
8,79,0,19,1,5,1.744240214,1365,19,549,7,100
0,0,0,0,0,0,0,0,0,0,0,100
0,0,0,0,0,0,0,0,0,0,0,100
2,76,0,28,1,2,0.547246947,1129,20,640,6,100
0,0,0,0,0,0,0,0,0,0,0,100
5,71,2,20,1,3,1.850495335,985,9,176,14,92.91666667
6,24,0,22,1,4,2.406669265,1708,7,207,3,100
8,104,1,23,1,3,2.733285855,1847,15,501,7,99.59183673
2,33,0,29,1,2,0.745517843,1205,3,106,2,100
5,56,0,23,1,3,2.112063347,1192,10,545,2,100
2,19,0,26,1,2,0.442958679,566,3,193,0,100
2,21,0,30,1,2,0.81792525,1238,1,131,1,100
0,0,0,0,0,0,0,0,0,0,0,100
2,2,0,24,1,2,0.764204507,459,0,14,0,100
4,5,0,27,1,3,1.874444455,602,0,21,0,100
0,0,0,0,0,0,0,0,0,0,0,100
0,0,0,0,0,0,0,0,0,0,0,100
11,706,9,5,1,4,3.198549137,472,50,3027,30,92.63565891
10,51,1,15,1,4,2.431137363,1418,13,271,7,97.61029412
4,14,0,15,1,2,1.610577243,764,2,76,2,100
3,51,0,28,1,3,0.929398973,909,4,228,0,99.81751825
4,234,2,31,1,3,1.017979253,976,30,1018,12,96.92585895
1,0,0,32,1,1,0,898,0,1,0,100
1,2,0,2,1,1,0,155,0,6,0,100
6,334,3,7,1,3,2.010706158,524,24,1664,17,96.58703072
0,0,0,0,0,0,0,0,0,0,0,100
0,0,0,0,0,0,0,0,0,0,0,100
2,116,2,1,1,2,0.992266639,0,8,421,8,98.14814815
2,1,0,8,1,1,0.970950594,208,0,17,0,100
0,0,0,0,0,0,0,0,0,0,0,100
0,0,0,0,0,0,0,0,0,0,0,100
10,1053,10,5,1,2,3.16305332,0,94,4550,68,95.93908629
0,0,0,0,0,0,0,0,0,0,0,100
9,182,1,33,1,6,2.827344862,3314,21,1046,14,99.67213115
4,19,0,30,1,4,1.515272249,1125,1,140,1,100
7,10,0,25,1,4,1.769104212,1613,4,95,5,100
2,37,1,20,1,2,0.534943699,488,4,102,2,96.32587859
0,0,0,0,0,0,0,0,0,0,0,100
0,0,0,0,0,0,0,0,0,0,0,100
0,0,0,0,0,0,0,0,0,0,0,100
0,0,0,0,0,0,0,0,0,0,0,100
14,1,0,23,1,4,3.308866249,2243,0,179,0,100
0,0,0,0,0,0,0,0,0,0,0,100
137,0,0,34,1,19,NaN,19731,0,0,0,22.72727273
0,0,0,0,0,0,0,0,0,0,0,100
0,0,0,0,0,0,0,0,0,0,0,100
0,0,0,0,0,0,0,0,0,0,0,100
1,0,0,35,1,1,0,913,0,0,0,100
0,0,0,0,0,0,0,0,0,0,0,100
0,0,0,0,0,0,0,0,0,0,0,100
1,0,0,18,1,1,0,202,0,1,0,99.85294118
3,9,0,19,1,2,0.774243303,477,1,38,1,100
1,22,0,32,1,1,0,433,0,315,0,100
5,15,0,31,1,3,1.763965743,814,2,128,1,100
0,0,0,0,0,0,0,0,0,0,0,100
2,191,1,6,1,2,0.684038436,301,29,1276,16,98.80597015
7,42,0,6,1,3,2.130710378,1436,3,191,1,100
12,41,0,7,1,3,2.160812675,2728,5,73,4,100
0,0,0,0,0,0,0,0,0,0,0,100
0,0,0,0,0,0,0,0,0,0,0,100
0,0,0,0,0,0,0,0,0,0,0,100
13,83,0,8,1,3,2.753568677,2914,8,264,5,100
0,0,0,0,0,0,0,0,0,0,0,100
5,37,0,8,1,2,1.85201274,1077,7,168,2,100
12,57,0,9,1,3,1.956941249,2748,7,170,5,100
0,0,0,0,0,0,0,0,0,0,0,100
4,3,0,4,1,2,1.832262897,461,0,42,0,100
2,187,0,10,1,2,0.602809302,636,24,926,15,100
0,0,0,0,0,0,0,0,0,0,0,100
0,0,0,0,0,0,0,0,0,0,0,100
0,0,0,0,0,0,0,0,0,0,0,100
0,0,0,0,0,0,0,0,0,0,0,100
0,0,0,0,0,0,0,0,0,0,0,100
2,15,0,22,1,2,0.828055725,525,4,127,2,99.84848485
4,36,0,11,1,3,1.486663164,1369,5,215,4,99.54614221
3,34,1,10,1,3,0.814227111,174,3,92,1,84.44108761
0,0,0,0,0,0,0,0,0,0,0,84.63855422
0,0,0,0,0,0,0,0,0,0,0,100
0,0,0,0,0,0,0,0,0,0,0,100
0,0,0,0,0,0,0,0,0,0,0,100
0,0,0,0,0,0,0,0,0,0,0,100
0,0,0,0,0,0,0,0,0,0,0,100
0,0,0,0,0,0,0,0,0,0,0,100
3,19,0,36,1,3,1.251880118,1844,5,108,4,100
0,0,0,0,0,0,0,0,0,0,0,100
12,607,7,20,1,5,3.47026236,890,48,2537,34,97.65395894
0,0,0,0,0,0,0,0,0,0,0,100
0,0,0,0,0,0,0,0,0,0,0,100
0,0,0,0,0,0,0,0,0,0,0,100
0,0,0,0,0,0,0,0,0,0,0,100
0,0,0,0,0,0,0,0,0,0,0,100
0,0,0,0,0,0,0,0,0,0,0,100
0,0,0,0,0,0,0,0,0,0,0,100
1,9,0,7,1,1,0,300,1,18,1,100
0,0,0,0,0,0,0,0,0,0,0,100
0,0,0,0,0,0,0,0,0,0,0,100
1,7,0,7,1,1,0,303,1,41,0,100
3,8,0,10,1,1,1.040852083,693,3,22,1,100
1,49,1,1,1,1,0,0,3,174,3,99.71428571
1,1,0,10,1,1,0,424,0,8,0,100
6,60,1,16,1,3,1.591578524,689,4,319,4,99.29078014
0,0,0,0,0,0,0,0,0,0,0,100
0,0,0,0,0,0,0,0,0,0,0,100
0,0,0,0,0,0,0,0,0,0,0,100
0,0,0,0,0,0,0,0,0,0,0,100
2,6,0,23,1,2,0.811278124,666,2,33,1,100
0,0,0,0,0,0,0,0,0,0,0,100
0,0,0,0,0,0,0,0,0,0,0,100
2,8,0,7,1,2,0.811278124,668,2,38,1,99.85875706
5,236,1,12,1,4,1.786943458,1414,32,1155,8,94.73684211
8,50,0,21,1,3,2.735845517,1181,9,217,1,96.72131148
4,11,0,13,1,3,1.681541933,1322,0,19,0,100
2,24,0,11,1,2,0.591672779,585,0,152,0,100
3,15,0,12,1,2,0.916118214,1458,1,64,0,100
2,84,0,37,1,2,0.658743531,1382,7,766,3,100
13,37,2,32,1,4,3.088504419,2140,10,198,3,93.37121212
2,13,0,25,1,2,0.836640742,553,2,94,1,100
8,65,0,38,1,6,1.63685474,3112,30,361,13,99.88636364
0,0,0,0,0,0,0,0,0,0,0,100
0,0,0,0,0,0,0,0,0,0,0,100
2,37,1,7,1,2,0.571354974,87,3,135,2,97.5308642
0,0,0,0,0,0,0,0,0,0,0,100
0,0,0,0,0,0,0,0,0,0,0,100
0,0,0,0,0,0,0,0,0,0,0,100
0,0,0,0,0,0,0,0,0,0,0,100
0,0,0,0,0,0,0,0,0,0,0,100
5,5,0,10,1,1,2.21260991,484,0,10,0,100
2,2,0,39,1,2,0.811278124,1471,1,18,0,100
4,74,0,4,1,2,1.820612629,354,6,435,1,91.88235294
0,0,0,0,0,0,0,0,0,0,0,100
0,0,0,0,0,0,0,0,0,0,0,100
0,0,0,0,0,0,0,0,0,0,0,100
0,0,0,0,0,0,0,0,0,0,0,100
0,0,0,0,0,0,0,0,0,0,0,100
0,0,0,0,0,0,0,0,0,0,0,100
0,0,0,0,0,0,0,0,0,0,0,100
1,4,0,5,1,1,0,212,1,11,0,100
0,0,0,0,0,0,0,0,0,0,0,100
18,210,0,40,1,8,2.616700083,5671,31,353,27,100
0,0,0,0,0,0,0,0,0,0,0,100
0,0,0,0,0,0,0,0,0,0,0,100
0,0,0,0,0,0,0,0,0,0,0,100
1,52,1,1,1,1,0,0,1,233,1,97.0959596
0,0,0,0,0,0,0,0,0,0,0,100
0,0,0,0,0,0,0,0,0,0,0,100
0,0,0,0,0,0,0,0,0,0,0,100
0,0,0,0,0,0,0,0,0,0,0,100
0,0,0,0,0,0,0,0,0,0,0,100
0,0,0,0,0,0,0,0,0,0,0,100
0,0,0,0,0,0,0,0,0,0,0,100
0,0,0,0,0,0,0,0,0,0,0,100
0,0,0,0,0,0,0,0,0,0,0,100
0,0,0,0,0,0,0,0,0,0,0,100
0,0,0,0,0,0,0,0,0,0,0,100
0,0,0,0,0,0,0,0,0,0,0,100
0,0,0,0,0,0,0,0,0,0,0,100
24,1546,2,37,1,6,2.784853928,6064,190,6669,91,90.73405535
0,0,0,0,0,0,0,0,0,0,0,100
8,344,1,18,1,2,2.5427071,956,50,1826,19,99.31584949
0,0,0,0,0,0,0,0,0,0,0,100
1,0,0,23,1,1,0,240,0,0,0,100
0,0,0,0,0,0,0,0,0,0,0,100
0,0,0,0,0,0,0,0,0,0,0,100
0,0,0,0,0,0,0,0,0,0,0,100
0,0,0,0,0,0,0,0,0,0,0,100
0,0,0,0,0,0,0,0,0,0,0,100
0,0,0,0,0,0,0,0,0,0,0,100
0,0,0,0,0,0,0,0,0,0,0,100
0,0,0,0,0,0,0,0,0,0,0,100
0,0,0,0,0,0,0,0,0,0,0,100
235,8575,210,21,2,33,NaN,23912,944,40066,551,24.21652422
0,0,0,0,0,0,0,0,0,0,0,100
0,0,0,0,0,0,0,0,0,0,0,100
13,1089,13,1,1,2,3.637703795,0,104,5198,64,95.67147614
0,0,0,0,0,0,0,0,0,0,0,100
0,0,0,0,0,0,0,0,0,0,0,100
0,0,0,0,0,0,0,0,0,0,0,100
0,0,0,0,0,0,0,0,0,0,0,100
0,0,0,0,0,0,0,0,0,0,0,100
0,0,0,0,0,0,0,0,0,0,0,100
0,0,0,0,0,0,0,0,0,0,0,100
0,0,0,0,0,0,0,0,0,0,0,100
0,0,0,0,0,0,0,0,0,0,0,100
0,0,0,0,0,0,0,0,0,0,0,100
0,0,0,0,0,0,0,0,0,0,0,100
0,0,0,0,0,0,0,0,0,0,0,100
0,0,0,0,0,0,0,0,0,0,0,100
0,0,0,0,0,0,0,0,0,0,0,100
0,0,0,0,0,0,0,0,0,0,0,100
0,0,0,0,0,0,0,0,0,0,0,100
0,0,0,0,0,0,0,0,0,0,0,100
0,0,0,0,0,0,0,0,0,0,0,100
0,0,0,0,0,0,0,0,0,0,0,100
0,0,0,0,0,0,0,0,0,0,0,100
3,32,0,31,1,3,1.395123307,754,1,84,1,100
2,16,0,2,1,1,0.998932655,198,0,62,0,100
1,3,0,19,1,1,0,374,0,21,0,100
0,0,0,0,0,0,0,0,0,0,0,100
0,0,0,0,0,0,0,0,0,0,0,100
0,0,0,0,0,0,0,0,0,0,0,100
0,0,0,0,0,0,0,0,0,0,0,100
0,0,0,0,0,0,0,0,0,0,0,100
0,0,0,0,0,0,0,0,0,0,0,100
0,0,0,0,0,0,0,0,0,0,0,100
0,0,0,0,0,0,0,0,0,0,0,100
17,1134,13,30,1,6,3.797918375,2262,105,5323,65,95.67147614
20,1165,13,31,1,7,3.909228562,1728,110,5516,67,95.33851276
2,15,0,31,1,2,0.998363673,930,2,82,1,100
20,204,0,34,1,4,3.363037747,2621,61,1041,22,100
0,0,0,0,0,0,0,0,0,0,0,100
42,1384,13,33,1,12,4.641485782,6663,173,6639,90,95.33851276
0,0,0,0,0,0,0,0,0,0,0,100
42,1384,13,34,1,12,4.640219762,5279,173,6639,90,95.33851276
0,0,0,0,0,0,0,0,0,0,0,100
0,0,0,0,0,0,0,0,0,0,0,100
0,0,0,0,0,0,0,0,0,0,0,100
0,0,0,0,0,0,0,0,0,0,0,100
0,0,0,0,0,0,0,0,0,0,0,100
42,1384,13,33,1,12,4.641485782,6663,173,6639,90,95.33851276
42,1384,13,34,1,12,4.640219762,5279,173,6639,90,95.33851276
0,0,0,0,0,0,0,0,0,0,0,100
0,0,0,0,0,0,0,0,0,0,0,100
0,0,0,0,0,0,0,0,0,0,0,100
42,1384,13,33,1,12,4.641485782,6663,173,6639,90,95.33851276
0,0,0,0,0,0,0,0,0,0,0,100
0,0,0,0,0,0,0,0,0,0,0,100
0,0,0,0,0,0,0,0,0,0,0,100
0,0,0,0,0,0,0,0,0,0,0,100
0,0,0,0,0,0,0,0,0,0,0,100
0,0,0,0,0,0,0,0,0,0,0,100
3,32,0,31,1,3,1.395123307,754,1,84,1,100
39,1352,13,34,1,10,4.55898651,4525,172,6555,89,95.33851276
38,1355,13,33,1,9,4.535194503,5506,172,6576,89,95.33851276
38,1355,13,34,1,9,4.533979536,4151,172,6576,89,95.33851276
36,1340,13,33,1,8,4.478930535,4561,170,6494,88,95.33851276
36,1340,13,34,1,8,4.4777467,3221,170,6494,88,95.33851276
36,1340,13,33,1,8,4.478930535,4561,170,6494,88,95.33851276
36,1340,13,34,1,8,4.4777467,3221,170,6494,88,95.33851276
36,1340,13,33,1,8,4.478930535,4561,170,6494,88,95.33851276
36,1340,13,34,1,8,4.4777467,3221,170,6494,88,95.33851276
36,1340,13,33,1,8,4.478930535,4561,170,6494,88,95.33851276
0,0,0,0,0,0,0,0,0,0,0,100
0,0,0,0,0,0,0,0,0,0,0,100
0,0,0,0,0,0,0,0,0,0,0,100
0,0,0,0,0,0,0,0,0,0,0,100
0,0,0,0,0,0,0,0,0,0,0,100
0,0,0,0,0,0,0,0,0,0,0,100
0,0,0,0,0,0,0,0,0,0,0,100
0,0,0,0,0,0,0,0,0,0,0,100
0,0,0,0,0,0,0,0,0,0,0,100
0,0,0,0,0,0,0,0,0,0,0,100
0,0,0,0,0,0,0,0,0,0,0,100
0,0,0,0,0,0,0,0,0,0,0,100
0,0,0,0,0,0,0,0,0,0,0,100
0,0,0,0,0,0,0,0,0,0,0,100
0,0,0,0,0,0,0,0,0,0,0,100
36,1340,13,34,1,8,4.4777467,3221,170,6494,88,95.33851276
36,1340,13,33,1,8,4.478930535,4561,170,6494,88,95.33851276
0,0,0,0,0,0,0,0,0,0,0,100
36,1340,13,34,1,8,4.4777467,3221,170,6494,88,95.33851276
36,1340,13,33,1,8,4.478930535,4561,170,6494,88,95.33851276
0,0,0,0,0,0,0,0,0,0,0,100
36,1340,13,34,1,8,4.4777467,3221,170,6494,88,95.33851276
36,1340,13,33,1,8,4.478930535,4561,170,6494,88,95.33851276
158,24136,158,25,1,22,6.662493493,0,3246,118102,1575,58.81826321
158,24136,158,0,1,22,6.662493493,24136,3246,118102,1575,58.81826321
0,0,0,0,0,0,0,0,0,0,0,100
0,0,0,0,0,0,0,0,0,0,0,100
36,1340,13,34,1,8,4.4777467,3221,170,6494,88,95.33851276
0,0,0,0,0,0,0,0,0,0,0,100
36,1340,13,33,1,8,4.478930535,4561,170,6494,88,95.33851276
36,1340,13,34,1,8,4.4777467,3221,170,6494,88,95.33851276
0,0,0,0,0,0,0,0,0,0,0,100
0,0,0,0,0,0,0,0,0,0,0,100
0,0,0,0,0,0,0,0,0,0,0,100
0,0,0,0,0,0,0,0,0,0,0,100
29,1566,15,28,1,12,4.298145929,2463,187,7646,101,88.83034773
3,140,1,3,1,2,1.14022707,204,14,782,12,97.97979798
0,0,0,0,0,0,0,0,0,0,0,100
1,0,0,2,1,1,NaN,59,0,0,0,99.59758551
2,38,0,35,1,2,0.924133542,668,4,291,1,100
0,0,0,0,0,0,0,0,0,0,0,100
4,237,2,12,1,1,1.648237882,170,18,1149,7,88.58921162
3,0,0,13,1,2,1.210810026,336,0,0,0,99.14346895
3,165,1,3,1,2,1.563853487,299,20,787,10,99.24973205
7,89,0,21,1,2,2.494648942,1083,9,392,6,100
0,0,0,0,0,0,0,0,0,0,0,100
4,635,4,1,1,2,1.836714815,0,59,3086,43,96.8238691
3,12,0,14,1,2,1.122113677,839,0,60,0,100
22,34,0,22,1,7,3.195262175,2151,1,139,2,100
2,3,0,3,1,2,0.139232999,206,1,11,1,100
3,309,0,5,1,2,1.411381262,407,23,1928,10,99.2139738
3,309,0,6,1,2,1.418782847,716,23,1928,10,99.2139738
29,761,10,38,1,9,3.92073633,2455,107,4689,92,89.93288591
1,2,0,36,1,1,0,430,0,18,0,100
5,385,2,7,1,2,1.959087684,407,28,2182,13,97.23991507
6,72,0,23,1,4,2.450371212,749,12,360,4,100
2,37,0,41,1,2,0.421166015,1703,9,327,4,100
1,6,0,42,1,1,0,1116,2,38,0,100
0,0,0,0,0,0,0,0,0,0,0,100
3,8,0,32,1,3,1.014097656,490,1,16,1,100
0,0,0,0,0,0,0,0,0,0,0,100
14,2354,13,20,1,3,3.442132587,252,184,12072,73,94.59459459
1,1,0,2,1,1,0,220,0,11,0,100
27,40,1,40,1,12,4.100905002,6318,9,82,4,93.90774587
2,2,0,4,1,2,0.650022422,143,0,21,0,100
4,279,1,34,1,4,1.468546093,1168,42,1340,34,99.1290578
4,65,0,5,1,2,1.669311823,412,9,472,5,100
8,629,2,3,1,2,1.835681021,895,72,3141,22,98.96988906
3,221,0,43,1,3,0.681162934,2134,60,1587,12,100
1,7,0,38,1,1,0,432,0,23,0,100
2,1,0,6,1,2,0.619382195,235,0,2,0,100
0,0,0,0,0,0,0,0,0,0,0,100
2,16,0,44,1,2,0.543564443,1969,2,94,1,100
2,30,0,43,1,2,0.727300679,873,6,189,2,100
0,0,0,0,0,0,0,0,0,0,0,100
0,0,0,0,0,0,0,0,0,0,0,100
13,794,4,4,1,3,2.96061103,1576,95,3926,55,98.0127186
0,0,0,0,0,0,0,0,0,0,0,100
2,53,0,6,1,1,0.225363639,227,3,356,1,100
2,37,0,44,1,2,0.99947302,1136,12,262,0,100
0,0,0,0,0,0,0,0,0,0,0,100
0,0,0,0,0,0,0,0,0,0,0,100
0,0,0,0,0,0,0,0,0,0,0,100
0,0,0,0,0,0,0,0,0,0,0,100
4,50,0,21,1,2,1.83958346,968,9,231,10,100
3,33,1,33,1,3,1.453147172,940,5,87,2,99.84326019
5,44,0,34,1,3,1.590506546,1738,8,358,3,99.76544175
0,0,0,0,0,0,0,0,0,0,0,100
0,0,0,0,0,0,0,0,0,0,0,100
6,6,0,23,1,4,2.113571995,1273,0,29,0,100
1,1,0,24,1,1,0,237,0,9,0,100
0,0,0,0,0,0,0,0,0,0,0,100
0,0,0,0,0,0,0,0,0,0,0,100
4,73,0,5,1,4,1.999597534,419,0,0,0,100
4,76,1,4,1,2,1.46757542,915,10,496,6,99.68823071
0,0,0,0,0,0,0,0,0,0,0,100
0,0,0,0,0,0,0,0,0,0,0,100
1,17,0,2,1,1,0,29,0,0,0,100
0,0,0,0,0,0,0,0,0,0,0,100
0,0,0,0,0,0,0,0,0,0,0,100
8,12,0,45,1,4,2.682356251,2863,0,48,1,99.9222395
0,0,0,0,0,0,0,0,0,0,0,100
0,0,0,0,0,0,0,0,0,0,0,100
0,0,0,0,0,0,0,0,0,0,0,100
0,0,0,0,0,0,0,0,0,0,0,100
1,0,0,17,1,1,0,194,0,0,0,100
0,0,0,0,0,0,0,0,0,0,0,100
2,36,0,24,1,2,0.710676854,409,5,188,2,100
1,7,0,37,1,1,0,389,0,40,0,100
0,0,0,0,0,0,0,0,0,0,0,100
0,0,0,0,0,0,0,0,0,0,0,100
7,271,3,8,1,2,2.195529186,1110,24,1080,10,99.53271028
0,0,0,0,0,0,0,0,0,0,0,100
8,12,0,45,1,4,2.682356251,2894,0,48,1,99.92199688
7,271,3,5,1,2,2.195529186,1366,24,1080,10,99.53271028
7,271,3,8,1,2,2.195529186,1095,24,1080,10,99.53271028
7,271,3,5,1,2,2.195529186,1366,24,1080,10,99.53271028
7,271,3,8,1,2,2.195529186,1095,24,1080,10,99.53271028
0,0,0,0,0,0,0,0,0,0,0,100
7,271,3,5,1,2,2.195529186,1366,24,1080,10,99.53271028
7,271,3,8,1,2,2.195529186,1095,24,1080,10,99.53271028
7,271,3,5,1,2,2.195529186,1366,24,1080,10,99.53271028
7,271,3,8,1,2,2.195529186,1095,24,1080,10,99.53271028
7,271,3,5,1,2,2.195529186,1366,24,1080,10,99.53271028
8,271,3,17,1,3,2.241164338,1289,24,1080,10,99.53271028
7,271,3,5,1,2,2.195529186,1366,24,1080,10,99.53271028
7,271,3,8,1,2,2.195529186,1095,24,1080,10,99.53271028
7,271,3,5,1,2,2.195529186,1366,24,1080,10,99.53271028
9,307,3,24,1,4,2.539610128,1504,29,1268,12,99.53271028
7,271,3,5,1,2,2.195529186,1366,24,1080,10,99.53271028
8,278,3,37,1,3,2.398454655,1484,24,1120,10,99.53271028
7,271,3,5,1,2,2.195529186,1366,24,1080,10,99.53271028
0,0,0,0,0,0,0,0,0,0,0,100
7,271,3,8,1,2,2.195529186,1095,24,1080,10,99.53271028
0,0,0,0,0,0,0,0,0,0,0,100
0,0,0,0,0,0,0,0,0,0,0,100
7,271,3,5,1,2,2.195529186,1366,24,1080,10,99.53271028
8,284,3,45,1,3,2.398454655,2406,28,1166,11,99.53271028
7,271,3,5,1,2,2.195529186,1366,24,1080,10,99.53271028
7,271,3,8,1,2,2.195529186,1095,24,1080,10,99.53271028
2,56,0,32,1,2,0.999570839,614,7,461,2,99.68774395
5,727,4,13,1,2,1.861840305,111,115,3983,60,89.16728077
9,327,3,31,1,4,2.695188546,2036,31,1541,12,88.84026258
18,826,8,32,1,8,3.40033386,2194,71,4290,40,88.06941432
9,327,3,31,1,4,2.695188546,2036,31,1541,12,92.44505495
11,379,3,32,1,6,3.043232737,2012,39,1894,14,92.44505495
0,0,0,0,0,0,0,0,0,0,0,100
7,53,0,22,1,3,2.727557532,1931,7,199,8,100
9,323,3,7,1,4,2.657140766,1721,32,1433,12,92.78350515
9,323,3,8,1,4,2.657409796,1398,32,1433,12,92.78350515
0,0,0,0,0,0,0,0,0,0,0,100
2,31,0,46,1,2,0.989245297,2035,7,184,1,100
0,0,0,0,0,0,0,0,0,0,0,100
11,354,3,45,1,6,2.966077139,3787,39,1617,13,92.78350515
11,354,3,46,1,6,2.965556843,3433,39,1617,13,92.78350515
0,0,0,0,0,0,0,0,0,0,0,100
11,354,3,45,1,6,2.966077139,3787,39,1617,13,92.78350515
0,0,0,0,0,0,0,0,0,0,0,100
0,0,0,0,0,0,0,0,0,0,0,100
0,0,0,0,0,0,0,0,0,0,0,100
11,354,3,46,1,6,2.965556843,3433,39,1617,13,92.78350515
0,0,0,0,0,0,0,0,0,0,0,100
0,0,0,0,0,0,0,0,0,0,0,100
0,0,0,0,0,0,0,0,0,0,0,100
9,32,0,38,1,4,2.850944207,2702,3,264,0,99.93131868
2,18,0,11,1,2,0.764204507,402,1,88,1,100
14,3,0,25,1,6,3.211678467,1390,0,26,0,100
2,30,0,47,1,2,0.672294817,2066,7,224,1,100
1,2,0,16,1,1,0,465,0,20,0,100
5,310,2,48,1,3,1.777739445,1470,53,1523,17,99.51956074
1,2,0,41,1,1,0,384,0,9,0,100
1,0,0,22,1,1,0,370,0,0,0,100
4,225,2,23,1,3,1.145040263,471,17,1263,5,97.29916898
3,111,0,6,1,2,0.829065741,410,9,677,6,97.78085992
2,15,0,49,1,2,0.721928095,2097,1,87,1,100
3,18,0,17,1,3,1.517915957,926,3,131,1,100
2,27,0,8,1,2,0.764204507,148,3,165,2,100
5,255,1,25,1,4,0.852732035,612,45,1486,19,99.86282579
5,53,1,14,1,2,1.601366836,546,6,183,2,93.96551724
2,14,0,15,1,1,0.840358672,250,2,109,0,100
2,28,0,10,1,2,0.764204507,605,1,207,1,99.83212087
2,21,0,34,1,2,0.795040279,682,4,148,1,100
4,43,0,26,1,3,1.686468915,817,4,223,3,100
1,0,0,24,1,1,0,272,1,9,0,100
252,437,4,50,1,38,NaN,37640,77,2493,27,37.28598605
0,0,0,0,0,0,0,0,0,0,0,100
2,70,0,36,1,2,0.922734621,703,19,483,2,100
0,0,0,0,0,0,0,0,0,0,0,100
0,0,0,0,0,0,0,0,0,0,0,100
0,0,0,0,0,0,0,0,0,0,0,100
0,0,0,0,0,0,0,0,0,0,0,100
10,259,1,37,1,3,1.903047895,1712,40,1957,32,91.40794224
3,57,1,15,1,2,0.55410153,333,1,240,1,90.27993779
1,1,0,4,1,1,0,116,0,0,0,100
2,81,1,26,1,2,0.472547222,272,10,466,10,91.41414141
8,84,0,28,1,3,2.403916776,930,19,308,15,95.71890145
7,52,1,37,1,5,1.583478878,1604,4,184,3,93.09803922
3,50,1,7,1,3,1.140115679,139,3,156,3,99.68823071
0,0,0,0,0,0,0,0,0,0,0,100
0,0,0,0,0,0,0,0,0,0,0,100
0,0,0,0,0,0,0,0,0,0,0,100
0,0,0,0,0,0,0,0,0,0,0,100
0,0,0,0,0,0,0,0,0,0,0,100
0,0,0,0,0,0,0,0,0,0,0,100
0,0,0,0,0,0,0,0,0,0,0,100
0,0,0,0,0,0,0,0,0,0,0,100
0,0,0,0,0,0,0,0,0,0,0,100
0,0,0,0,0,0,0,0,0,0,0,100
0,0,0,0,0,0,0,0,0,0,0,100
0,0,0,0,0,0,0,0,0,0,0,100
0,0,0,0,0,0,0,0,0,0,0,100
0,0,0,0,0,0,0,0,0,0,0,100
0,0,0,0,0,0,0,0,0,0,0,100
0,0,0,0,0,0,0,0,0,0,0,100
1,1,0,17,1,1,0,105,0,9,0,100
4,13,1,16,1,3,1.39706645,476,0,36,0,99.68968192
0,0,0,0,0,0,0,0,0,0,0,100
0,0,0,0,0,0,0,0,0,0,0,100
0,0,0,0,0,0,0,0,0,0,0,100
3,22,0,28,1,2,0.892995357,594,3,174,1,100
0,0,0,0,0,0,0,0,0,0,0,100
0,0,0,0,0,0,0,0,0,0,0,100
0,0,0,0,0,0,0,0,0,0,0,100
0,0,0,0,0,0,0,0,0,0,0,100
0,0,0,0,0,0,0,0,0,0,0,100
0,0,0,0,0,0,0,0,0,0,0,100
0,0,0,0,0,0,0,0,0,0,0,100
63,33,1,51,1,23,NaN,10183,0,320,0,84.10774411
0,0,0,0,0,0,0,0,0,0,0,100
0,0,0,0,0,0,0,0,0,0,0,100
1,460,0,13,1,1,0,655,96,2944,43,96.37681159
0,0,0,0,0,0,0,0,0,0,0,100
5,120,1,27,1,4,1.891622654,479,2,225,1,95.88414634
1,7,0,40,1,1,0,382,2,13,0,100
4,71,0,28,1,2,1.666824618,1158,7,419,6,100
1,11,0,14,1,1,0,1115,1,47,1,100
1,10,0,10,1,1,0,983,2,24,1,100
0,0,0,0,0,0,0,0,0,0,0,100
0,0,0,0,0,0,0,0,0,0,0,100
2,5,0,52,1,2,0.961236605,2112,1,18,0,100
4,55,0,16,1,4,1.181445038,574,3,407,2,98.67394696
0,0,0,0,0,0,0,0,0,0,0,100
0,0,0,0,0,0,0,0,0,0,0,100
2,74,0,38,1,2,0.753197991,820,11,588,4,100
0,0,0,0,0,0,0,0,0,0,0,100
6,41,0,31,1,6,2.054663018,966,1,335,1,98.67394696
0,0,0,0,0,0,0,0,0,0,0,100
2,108,1,6,1,2,0.954434003,72,9,598,8,99.29133858
0,0,0,0,0,0,0,0,0,0,0,100
20,294,2,53,1,10,2.412555959,5769,61,1934,11,87.95275591
3,9,0,5,1,1,1.584962501,104,3,33,3,100
0,0,0,0,0,0,0,0,0,0,0,100
1,4,0,4,1,1,0,266,1,20,1,100
44,1363,5,54,1,17,4.078405814,12153,122,5769,78,92.5900277
0,0,0,0,0,0,0,0,0,0,0,100
0,0,0,0,0,0,0,0,0,0,0,100
0,0,0,0,0,0,0,0,0,0,0,100
0,0,0,0,0,0,0,0,0,0,0,100
0,0,0,0,0,0,0,0,0,0,0,100
0,0,0,0,0,0,0,0,0,0,0,100
0,0,0,0,0,0,0,0,0,0,0,100
0,0,0,0,0,0,0,0,0,0,0,100
36,117,0,55,1,12,3.48266342,12259,12,282,4,93.26788219
0,0,0,0,0,0,0,0,0,0,0,100
0,0,0,0,0,0,0,0,0,0,0,100
0,0,0,0,0,0,0,0,0,0,0,100
0,0,0,0,0,0,0,0,0,0,0,100
7,19,0,14,1,1,2.776922602,2127,1,33,1,100
0,0,0,0,0,0,0,0,0,0,0,100
2,12,0,43,1,1,0.918295834,594,2,22,2,100
2,7,0,21,1,1,0.918295834,277,1,32,1,100
5,32,0,33,1,2,1.841799478,1154,4,127,4,100
0,0,0,0,0,0,0,0,0,0,0,100
0,0,0,0,0,0,0,0,0,0,0,100
0,0,0,0,0,0,0,0,0,0,0,100
0,0,0,0,0,0,0,0,0,0,0,100
7,19,0,14,1,1,2.776922602,2127,1,33,1,100
0,0,0,0,0,0,0,0,0,0,0,100
0,0,0,0,0,0,0,0,0,0,0,100
2,12,0,43,1,1,0.918295834,594,2,22,2,100
0,0,0,0,0,0,0,0,0,0,0,100
2,7,0,21,1,1,0.918295834,277,1,32,1,100
0,0,0,0,0,0,0,0,0,0,0,100
5,32,0,33,1,2,1.841799478,1154,4,127,4,100
0,0,0,0,0,0,0,0,0,0,0,100
0,0,0,0,0,0,0,0,0,0,0,100
1,1,0,18,1,1,0,144,0,6,0,100
1,0,0,19,1,1,0,145,0,0,0,100
0,0,0,0,0,0,0,0,0,0,0,100
0,0,0,0,0,0,0,0,0,0,0,100
4,23,0,56,1,4,1.762930646,2169,4,171,2,100
1,1,0,17,1,1,0,145,0,6,0,100
1,1,0,19,1,1,0,144,0,6,0,100
1,1,0,17,1,1,0,145,0,6,0,100
1,1,0,19,1,1,0,144,0,6,0,100
0,0,0,0,0,0,0,0,0,0,0,100
1,1,0,17,1,1,0,145,0,6,0,100
1,1,0,19,1,1,0,144,0,6,0,100
1,1,0,17,1,1,0,145,0,6,0,100
4,10,0,40,1,3,1.418295834,1303,3,62,1,100
1,1,0,17,1,1,0,145,0,6,0,100
1,1,0,19,1,1,0,144,0,6,0,100
0,0,0,0,0,0,0,0,0,0,0,100
1,1,0,17,1,1,0,145,0,6,0,100
2,7,0,53,1,2,0.591672779,1496,3,63,0,100
1,1,0,17,1,1,0,145,0,6,0,100
1,1,0,19,1,1,0,144,0,6,0,100
1,1,0,17,1,1,0,145,0,6,0,100
1,1,0,19,1,1,0,144,0,6,0,100
1,1,0,17,1,1,0,145,0,6,0,100
1,1,0,19,1,1,0,144,0,6,0,100
0,0,0,0,0,0,0,0,0,0,0,100
1,1,0,17,1,1,0,145,0,6,0,100
8,104,1,29,1,5,1.347348812,967,14,505,9,99.83766234
1,1,0,17,1,1,0,145,0,6,0,100
3,25,0,57,1,3,0.500711588,1386,3,116,2,100
1,40,0,4,1,1,0,210,2,275,2,100
3,175,1,3,1,2,1.032455232,187,17,1099,5,99.5951417
1,11,0,2,1,1,0,81,1,115,0,100
5,85,0,5,1,2,1.928299614,384,11,387,11,100
1,1,0,17,1,1,0,145,0,6,0,100
1,1,0,19,1,1,0,144,0,6,0,100
1,1,0,17,1,1,0,145,0,6,0,100
3,40,0,19,1,2,1.112212925,583,5,239,2,94.73684211
1,1,0,17,1,1,0,145,0,6,0,100
1,1,0,19,1,1,0,144,0,6,0,100
1,1,0,17,1,1,0,145,0,6,0,100
5,253,3,19,1,3,1.928481638,280,23,1277,13,99.29015084
1,1,0,17,1,1,0,145,0,6,0,100
3,14,0,19,1,3,0.734529921,887,0,65,0,100
1,1,0,17,1,1,0,145,0,6,0,100
1,1,0,19,1,1,0,144,0,6,0,100
1,1,0,17,1,1,0,145,0,6,0,100
4,1,0,19,1,2,1.950212065,354,0,6,0,100
1,1,0,17,1,1,0,145,0,6,0,100
1,1,0,19,1,1,0,144,0,6,0,100
1,1,0,17,1,1,0,145,0,6,0,100
5,67,0,19,1,2,0.642610328,745,14,320,11,100
0,0,0,0,0,0,0,0,0,0,0,100
5,67,0,17,1,2,0.642610328,812,14,320,11,100
5,67,0,19,1,2,0.642610328,745,14,320,11,100
5,67,0,17,1,2,0.642610328,812,14,320,11,100
5,67,0,19,1,2,0.642610328,745,14,320,11,100
5,67,0,17,1,2,0.642610328,812,14,320,11,100
5,67,0,19,1,2,0.642610328,745,14,320,11,100
0,0,0,0,0,0,0,0,0,0,0,100
2,6,0,36,1,2,0.811278124,780,2,62,1,100
0,0,0,0,0,0,0,0,0,0,0,100
5,67,0,17,1,2,0.642610328,812,14,320,11,100
7,116,0,30,1,4,1.626524187,1384,21,545,14,100
5,67,0,17,1,2,0.642610328,812,14,320,11,100
10,300,2,19,1,4,2.392637895,1092,34,1747,20,99.20983319
5,67,0,17,1,2,0.642610328,812,14,320,11,100
5,67,0,19,1,2,0.642610328,745,14,320,11,100
5,67,0,17,1,2,0.642610328,812,14,320,11,100
5,67,0,19,1,2,0.642610328,745,14,320,11,100
0,0,0,0,0,0,0,0,0,0,0,100
5,67,0,17,1,2,0.642610328,812,14,320,11,100
5,67,0,19,1,2,0.642610328,745,14,320,11,100
5,67,0,17,1,2,0.642610328,812,14,320,11,100
5,67,0,19,1,2,0.642610328,745,14,320,11,100
7,65,0,32,1,6,2.046994292,1025,7,564,6,100
0,0,0,0,0,0,0,0,0,0,0,100
5,67,0,17,1,2,0.642610328,812,14,320,11,100
14,1090,4,34,1,5,2.779660774,1576,114,4796,61,95.36480687
0,0,0,0,0,0,0,0,0,0,0,100
2,1,0,17,1,1,0.918295834,299,0,6,0,100
2,1,0,19,1,1,0.918295834,298,0,6,0,100
2,42,0,41,1,2,0.892623013,943,7,425,2,100
1,0,0,7,1,1,0,85,0,0,0,100
0,0,0,0,0,0,0,0,0,0,0,100
3,27,0,58,1,3,1.073551999,2589,4,128,3,100
5,43,0,40,1,4,1.448478954,1369,7,431,2,100
5,43,0,41,1,4,1.448478954,1326,7,431,2,100
4,42,0,40,1,4,1.3281888,1224,7,425,2,100
10,235,1,41,1,7,2.230547647,1730,16,1503,4,99.83164983
0,0,0,0,0,0,0,0,0,0,0,100
6,243,0,34,1,4,1.548209047,1622,19,952,12,100
10,235,1,40,1,7,2.230547647,1965,16,1503,4,99.83164983
11,271,1,55,1,8,2.388923286,3109,23,1775,8,99.83164983
0,0,0,0,0,0,0,0,0,0,0,100
11,271,1,54,1,8,2.388923286,3380,23,1775,8,99.83164983
11,271,1,55,1,8,2.388923286,3109,23,1775,8,99.83164983
11,271,1,54,1,8,2.388923286,3380,23,1775,8,99.83164983
0,0,0,0,0,0,0,0,0,0,0,100
12,262,1,55,1,9,2.638187439,3201,21,1732,8,99.83164983
0,0,0,0,0,0,0,0,0,0,0,100
0,0,0,0,0,0,0,0,0,0,0,100
0,0,0,0,0,0,0,0,0,0,0,100
0,0,0,0,0,0,0,0,0,0,0,100
0,0,0,0,0,0,0,0,0,0,0,100
0,0,0,0,0,0,0,0,0,0,0,100
0,0,0,0,0,0,0,0,0,0,0,100
0,0,0,0,0,0,0,0,0,0,0,100
2,160,1,41,1,2,0.168660931,479,10,1009,7,99.83221477
0,0,0,0,0,0,0,0,0,0,0,100
11,271,1,54,1,8,2.388923286,3380,23,1775,8,99.83221477
13,284,1,55,1,9,2.67505885,3418,25,1814,10,99.83221477
1,56,0,56,1,1,0,1383,10,207,8,100
1,31,0,57,1,1,0,1439,13,109,2,100
0,0,0,0,0,0,0,0,0,0,0,100
13,371,1,54,1,9,2.656969034,3789,48,2130,20,99.83221477
0,0,0,0,0,0,0,0,0,0,0,100
13,372,1,57,1,9,2.655725835,3418,48,2137,20,99.83221477
0,0,0,0,0,0,0,0,0,0,0,100
0,0,0,0,0,0,0,0,0,0,0,100
13,372,1,54,1,9,2.655725835,3790,48,2137,20,99.83221477
13,372,1,57,1,9,2.655725835,3418,48,2137,20,99.83221477
13,316,1,55,1,9,2.82121212,3790,38,1930,12,99.83221477
18,585,4,57,1,12,3.429836976,3969,71,3238,27,99.08333333
13,316,1,55,1,9,2.82121212,3790,38,1930,12,99.83443709
13,316,1,57,1,9,2.82121212,3474,38,1930,12,99.83443709
13,316,1,55,1,9,2.82121212,3790,38,1930,12,99.83443709
13,316,1,57,1,9,2.82121212,3474,38,1930,12,99.83443709
13,316,1,55,1,9,2.82121212,3790,38,1930,12,99.83443709
13,316,1,57,1,9,2.82121212,3474,38,1930,12,99.83443709
0,0,0,0,0,0,0,0,0,0,0,100
13,316,1,55,1,9,2.82121212,3790,38,1930,12,99.83443709
13,316,1,57,1,9,2.82121212,3474,38,1930,12,99.83443709
13,316,1,55,1,9,2.82121212,3790,38,1930,12,99.83443709
47,2432,12,57,1,23,4.676674038,8761,247,15086,123,93.85692068
2,21,0,35,1,2,0.998363673,884,4,145,1,100
47,2432,12,55,1,23,4.676674038,11204,247,15086,123,93.85692068
47,2432,12,57,1,23,4.676674038,8772,247,15086,123,93.85692068
47,2432,12,55,1,23,4.676674038,11204,247,15086,123,93.85692068
47,2432,12,57,1,23,4.676674038,8772,247,15086,123,93.85692068
47,2432,12,55,1,23,4.676674038,11204,247,15086,123,93.85692068
0,0,0,0,0,0,0,0,0,0,0,100
0,0,0,0,0,0,0,0,0,0,0,100
52,2953,16,57,1,25,4.864427037,9255,340,17952,158,93.2046332
0,0,0,0,0,0,0,0,0,0,0,100
2,2,0,2,1,2,0.503258335,387,0,9,0,100
1,0,0,2,1,1,0,87,0,6,0,100
0,0,0,0,0,0,0,0,0,0,0,100
0,0,0,0,0,0,0,0,0,0,0,100
3,15,0,46,1,3,1.353448505,1196,4,97,2,100
2,128,2,1,1,2,0.912999214,0,9,582,7,91.36331192
2,11,0,43,1,2,0.918295834,1048,2,68,1,100
0,0,0,0,0,0,0,0,0,0,0,100
3,111,1,18,1,2,0.958176013,317,11,565,7,95.85714286
3,97,1,46,1,3,0.974351241,428,11,457,4,99.85549133
0,0,0,0,0,0,0,0,0,0,0,100
0,0,0,0,0,0,0,0,0,0,0,100
0,0,0,0,0,0,0,0,0,0,0,100
0,0,0,0,0,0,0,0,0,0,0,100
0,0,0,0,0,0,0,0,0,0,0,100
0,0,0,0,0,0,0,0,0,0,0,100
0,0,0,0,0,0,0,0,0,0,0,100
4,211,4,1,1,3,1.946767684,0,8,555,7,99.42611191
0,0,0,0,0,0,0,0,0,0,0,100
5,315,0,16,1,3,0.943403568,1512,37,1626,9,91.23674912
1,5,0,9,1,1,0,154,1,25,1,100
0,0,0,0,0,0,0,0,0,0,0,100
12,4180,9,47,1,4,2.277466706,1413,852,24016,380,98.75518672
2,6,0,59,1,2,0.811278124,2343,1,37,1,100
3,19,0,16,1,3,1.540251345,554,1,154,1,100
5,7,0,48,1,3,1.521099626,1942,0,84,1,100
3,5,0,8,1,2,1.21132135,394,1,0,0,100
0,0,0,0,0,0,0,0,0,0,0,100
1,0,0,5,1,1,0,183,0,0,0,100
2,1648,1,3,1,1,0.024530133,79,314,8976,177,99.65916837
5,10,0,7,1,3,1.930240673,569,1,83,0,100
0,0,0,0,0,0,0,0,0,0,0,100
0,0,0,0,0,0,0,0,0,0,0,100
0,0,0,0,0,0,0,0,0,0,0,100
0,0,0,0,0,0,0,0,0,0,0,100
1,4,0,20,1,1,0,99,1,26,0,100
0,0,0,0,0,0,0,0,0,0,0,100
0,0,0,0,0,0,0,0,0,0,0,100
0,0,0,0,0,0,0,0,0,0,0,100
36,177,0,59,1,16,4.506325286,10652,33,1015,11,96.1352657
0,0,0,0,0,0,0,0,0,0,0,100
0,0,0,0,0,0,0,0,0,0,0,100
0,0,0,0,0,0,0,0,0,0,0,100
0,0,0,0,0,0,0,0,0,0,0,100
0,0,0,0,0,0,0,0,0,0,0,100
0,0,0,0,0,0,0,0,0,0,0,100
0,0,0,0,0,0,0,0,0,0,0,100
0,0,0,0,0,0,0,0,0,0,0,100
0,0,0,0,0,0,0,0,0,0,0,100
0,0,0,0,0,0,0,0,0,0,0,100
0,0,0,0,0,0,0,0,0,0,0,100
0,0,0,0,0,0,0,0,0,0,0,100
0,0,0,0,0,0,0,0,0,0,0,100
0,0,0,0,0,0,0,0,0,0,0,100
0,0,0,0,0,0,0,0,0,0,0,100
0,0,0,0,0,0,0,0,0,0,0,100
0,0,0,0,0,0,0,0,0,0,0,100
0,0,0,0,0,0,0,0,0,0,0,100
0,0,0,0,0,0,0,0,0,0,0,100
0,0,0,0,0,0,0,0,0,0,0,100
2,207,1,60,1,2,0.528259588,879,35,1269,9,99.86013986
1,0,0,6,1,1,0,522,0,4,0,100
0,0,0,0,0,0,0,0,0,0,0,100
0,0,0,0,0,0,0,0,0,0,0,100
0,0,0,0,0,0,0,0,0,0,0,100
3,2,0,5,1,1,1.584962501,294,0,21,0,100
0,0,0,0,0,0,0,0,0,0,0,100
0,0,0,0,0,0,0,0,0,0,0,100
2,4,0,48,1,2,0.970950594,863,1,13,0,100
0,0,0,0,0,0,0,0,0,0,0,100
0,0,0,0,0,0,0,0,0,0,0,100
0,0,0,0,0,0,0,0,0,0,0,100
2,13,0,44,1,2,0.998635964,1059,2,110,0,100
5,89,0,2,1,4,2.321559629,287,0,0,0,100
0,0,0,0,0,0,0,0,0,0,0,100
0,0,0,0,0,0,0,0,0,0,0,100
0,0,0,0,0,0,0,0,0,0,0,100
0,0,0,0,0,0,0,0,0,0,0,100
1,11,0,28,1,1,0,260,2,104,0,100
3,62,0,4,1,3,1.401163781,1761,20,373,6,100
1,4,0,8,1,1,0,144,0,3,0,100
0,0,0,0,0,0,0,0,0,0,0,100
0,0,0,0,0,0,0,0,0,0,0,100
0,0,0,0,0,0,0,0,0,0,0,100
0,0,0,0,0,0,0,0,0,0,0,100
0,0,0,0,0,0,0,0,0,0,0,100
4,647,4,1,1,3,1.968890359,0,86,3389,31,99.31034483
0,0,0,0,0,0,0,0,0,0,0,100
0,0,0,0,0,0,0,0,0,0,0,100
0,0,0,0,0,0,0,0,0,0,0,100
3,22,0,52,1,3,1.082720388,1466,1,162,1,100
7,669,4,51,1,6,2.210731911,2135,87,3551,32,99.31034483
7,670,4,52,1,6,2.210384474,1466,85,3541,32,99.31034483
44,6208,44,1,1,9,5.021740929,0,402,26712,268,88.84172226
0,0,0,0,0,0,0,0,0,0,0,100
0,0,0,0,0,0,0,0,0,0,0,100
0,0,0,0,0,0,0,0,0,0,0,100
0,0,0,0,0,0,0,0,0,0,0,100
0,0,0,0,0,0,0,0,0,0,0,100
0,0,0,0,0,0,0,0,0,0,0,100
0,0,0,0,0,0,0,0,0,0,0,100
1,0,0,2,1,1,0,127,0,0,0,100
0,0,0,0,0,0,0,0,0,0,0,100
2,7,0,13,1,2,0.945660305,923,0,10,0,100
0,0,0,0,0,0,0,0,0,0,0,100
0,0,0,0,0,0,0,0,0,0,0,100
0,0,0,0,0,0,0,0,0,0,0,100
0,0,0,0,0,0,0,0,0,0,0,100
0,0,0,0,0,0,0,0,0,0,0,100
1,0,0,28,1,1,0,407,0,1,0,100
2,73,1,31,1,2,0.665273523,277,14,394,9,99.61811238
4,26,0,65,1,4,1.214210357,3647,2,209,1,100
0,0,0,0,0,0,0,0,0,0,0,100
9,194,1,51,1,6,1.973779552,2695,17,1097,10,99.89071038
1,2,0,30,1,1,0,406,0,34,1,99.94541485
6,403,3,49,1,4,1.639100432,1269,65,2360,40,99.67302452
2,8,0,50,1,2,0.543564443,1121,2,59,1,100
2,33,1,28,1,2,0.315997133,565,1,92,1,99.89130435
1,1,0,16,1,1,0,133,1,11,0,100
2,56,1,50,1,2,0.757878463,690,1,244,1,99.78319783
0,0,0,0,0,0,0,0,0,0,0,100
0,0,0,0,0,0,0,0,0,0,0,100
0,0,0,0,0,0,0,0,0,0,0,100
0,0,0,0,0,0,0,0,0,0,0,100
0,0,0,0,0,0,0,0,0,0,0,100
0,0,0,0,0,0,0,0,0,0,0,100
0,0,0,0,0,0,0,0,0,0,0,100
0,0,0,0,0,0,0,0,0,0,0,100
0,0,0,0,0,0,0,0,0,0,0,100
0,0,0,0,0,0,0,0,0,0,0,100
0,0,0,0,0,0,0,0,0,0,0,100
0,0,0,0,0,0,0,0,0,0,0,100
0,0,0,0,0,0,0,0,0,0,0,100
0,0,0,0,0,0,0,0,0,0,0,100
0,0,0,0,0,0,0,0,0,0,0,100
0,0,0,0,0,0,0,0,0,0,0,100
3,54,0,2,1,2,1.584962501,288,0,0,0,100
2,747,2,1,1,2,0.845867078,0,62,2918,29,99.46495452
2,15,0,15,1,2,0.566509507,1415,2,102,1,100
0,0,0,0,0,0,0,0,0,0,0,100
0,0,0,0,0,0,0,0,0,0,0,100
0,0,0,0,0,0,0,0,0,0,0,100
0,0,0,0,0,0,0,0,0,0,0,100
2,63,1,17,1,2,0.507935356,702,6,258,5,96.83985003
0,0,0,0,0,0,0,0,0,0,0,100
0,0,0,0,0,0,0,0,0,0,0,100
0,0,0,0,0,0,0,0,0,0,0,100
0,0,0,0,0,0,0,0,0,0,0,100
0,0,0,0,0,0,0,0,0,0,0,100
1,0,0,22,1,1,0,477,0,4,0,100
3,3,0,6,1,2,1.148834854,349,0,18,0,100
4,3,0,21,1,3,1.532914564,823,0,22,0,100
8,79,1,22,1,7,2.034466654,2308,3,311,3,92.4037981
0,0,0,0,0,0,0,0,0,0,0,100
0,0,0,0,0,0,0,0,0,0,0,100
0,0,0,0,0,0,0,0,0,0,0,100
5,30,1,66,1,3,1.788221648,3669,3,96,4,97.20998532
3,72,1,52,1,3,1.560535828,1380,6,364,2,99.90224829
0,0,0,0,0,0,0,0,0,0,0,100
2,4,0,7,1,1,0.954434003,233,0,22,0,100
2,174,0,31,1,2,0.383269164,267,28,1126,22,99.60841899
2,4,0,8,1,1,0.954434003,237,0,22,0,100
2,63,0,9,1,1,0.879458774,233,11,280,0,100
2,51,1,9,1,2,0.995325107,522,4,18,2,99.70631424
7,10,0,55,1,7,2.290018766,2622,1,56,1,97.41463415
2,108,2,1,1,1,0.99975261,0,4,681,2,97.22492697
5,199,4,7,1,2,2.16056545,99,9,523,6,98.67582148
4,142,1,56,1,3,1.592668878,1132,18,694,14,99.34967484
3,34,1,9,1,2,0.381580488,294,0,85,0,99.74709155
0,0,0,0,0,0,0,0,0,0,0,100
2,0,0,3,1,2,1,1099,0,0,0,100
0,0,0,0,0,0,0,0,0,0,0,100
0,0,0,0,0,0,0,0,0,0,0,100
2,7,0,14,1,1,0.818955502,1409,5,33,5,100
6,204,0,53,1,3,1.429010054,1242,24,1051,15,100
0,0,0,0,0,0,0,0,0,0,0,100
0,0,0,0,0,0,0,0,0,0,0,100
0,0,0,0,0,0,0,0,0,0,0,100
0,0,0,0,0,0,0,0,0,0,0,100
0,0,0,0,0,0,0,0,0,0,0,100
0,0,0,0,0,0,0,0,0,0,0,100
0,0,0,0,0,0,0,0,0,0,0,100
0,0,0,0,0,0,0,0,0,0,0,100
0,0,0,0,0,0,0,0,0,0,0,100
0,0,0,0,0,0,0,0,0,0,0,100
3,237,3,1,1,1,1.478328754,0,17,1326,9,98.02431611
1,4,0,5,1,1,0,168,1,28,1,100
2,2,0,36,1,2,0.811278124,457,1,3,0,100
2,14,0,2,1,2,0.371232327,412,1,83,1,100
0,0,0,0,0,0,0,0,0,0,0,100
2,12,0,2,1,2,0.41381685,573,1,118,1,100
9,71,0,3,1,5,2.374449339,1715,20,459,6,100
6,150,2,8,1,3,1.738281676,342,15,632,7,98.22154472
2,8,0,54,1,2,0.970950594,854,1,68,1,100
3,100,1,9,1,3,1.162073433,515,5,573,4,98.51129363
2,2,0,8,1,1,1,296,2,36,2,100
2,1,0,4,1,2,0.918295834,364,0,4,0,99.79274611
1,1,0,4,1,1,0,363,0,27,0,100
6,209,1,57,1,4,2.254551006,1750,31,1146,7,99.74133471
3,18,0,53,1,3,1.502220254,674,3,61,3,100
2,55,1,2,1,2,0.779349837,114,2,289,2,99.84520124
4,37,0,23,1,1,1.25704865,1267,10,187,10,100
3,208,2,20,1,2,1.035360097,102,11,947,8,94.37119675
2,18,0,16,1,2,0.764204507,1437,3,110,1,100
3,378,2,21,1,2,0.996671657,103,32,2176,13,99.75099602
10,509,4,11,1,8,2.986944419,503,43,2281,29,95.49727857
2,13,0,33,1,2,0.981940787,701,2,40,0,100
3,148,2,2,1,2,1.087623966,44,9,584,4,99.75429975
12,97,0,54,1,7,3.093478905,1886,17,655,17,100
4,340,2,4,1,3,0.964750357,266,59,2015,39,97.48134328
0,0,0,0,0,0,0,0,0,0,0,100
3,17,1,16,1,1,1.252482532,422,5,10,3,98.95738894
2,69,0,4,1,2,0.927338928,921,8,733,2,100
14,1134,12,2,1,3,3.626321454,250,56,4547,42,98.03742583
0,0,0,0,0,0,0,0,0,0,0,100
0,0,0,0,0,0,0,0,0,0,0,100
0,0,0,0,0,0,0,0,0,0,0,100
0,0,0,0,0,0,0,0,0,0,0,100
2,6,0,2,1,1,1,331,2,30,2,100
0,0,0,0,0,0,0,0,0,0,0,100
0,0,0,0,0,0,0,0,0,0,0,100
0,0,0,0,0,0,0,0,0,0,0,100
0,0,0,0,0,0,0,0,0,0,0,100
0,0,0,0,0,0,0,0,0,0,0,100
0,0,0,0,0,0,0,0,0,0,0,100
14,210,2,56,1,8,3.362319914,4228,34,1252,18,98.04923363
5,53,0,5,1,1,1.34285416,852,11,260,2,100
2,164,0,4,1,2,0.98700443,810,15,896,8,100
1,2,0,17,1,1,0,142,2,42,0,100
0,0,0,0,0,0,0,0,0,0,0,100
2,13,0,67,1,2,0.89049164,2352,3,110,1,100
0,0,0,0,0,0,0,0,0,0,0,100
2,32,0,9,1,2,1,570,8,424,0,100
9,2,0,9,1,1,2.221007122,840,3,176,4,99.76076555
0,0,0,0,0,0,0,0,0,0,0,100
3,377,0,6,1,2,0.55870446,2057,70,2218,54,100
2,59,0,10,1,2,0.747394446,134,10,374,6,91.95979899
5,408,0,7,1,2,0.578869404,2583,83,2851,37,100
0,0,0,0,0,0,0,0,0,0,0,100
4,628,2,22,1,2,1.353034008,261,57,3586,23,98.37362637
6,1490,3,68,1,3,1.001165149,2683,135,6306,119,99.69176574
0,0,0,0,0,0,0,0,0,0,0,100
15,1547,7,57,1,5,3.338131157,3938,270,8332,160,93.91377853
2,3,0,2,1,1,0.322756959,175,1,25,0,100
5,5,0,59,1,3,2.214152221,2204,1,11,1,100
5,343,4,23,1,2,2.031136782,105,22,1759,12,99.43181818
3,17,0,60,1,2,1.441166544,1403,2,133,2,96.10058309
2,3,0,2,1,2,0.985228136,167,0,21,0,100
0,0,0,0,0,0,0,0,0,0,0,100
7,139,1,69,1,5,2.54921066,3632,11,732,7,99.933687
3,3,0,11,1,1,1.584962501,275,0,0,0,100
1,2,0,70,1,1,0,1449,1,10,0,100
0,0,0,0,0,0,0,0,0,0,0,100
0,0,0,0,0,0,0,0,0,0,0,100
0,0,0,0,0,0,0,0,0,0,0,100
0,0,0,0,0,0,0,0,0,0,0,100
0,0,0,0,0,0,0,0,0,0,0,100
0,0,0,0,0,0,0,0,0,0,0,100
0,0,0,0,0,0,0,0,0,0,0,100
0,0,0,0,0,0,0,0,0,0,0,100
0,0,0,0,0,0,0,0,0,0,0,100
1,6,0,13,1,1,0,555,1,21,0,100
1,63,0,14,1,1,0,561,10,271,3,100
7,141,0,61,1,7,2.096629821,3337,16,785,16,100
0,0,0,0,0,0,0,0,0,0,0,100
0,0,0,0,0,0,0,0,0,0,0,100
2,4,0,10,1,2,1,602,0,0,0,100
1,15,0,15,1,1,0,624,1,16,1,100
0,0,0,0,0,0,0,0,0,0,0,100
0,0,0,0,0,0,0,0,0,0,0,100
0,0,0,0,0,0,0,0,0,0,0,100
4,1872,0,11,1,3,0.775191447,1683,202,9745,194,99.90056347
1,0,0,3,1,1,0,60,0,0,0,100
3,132,2,24,1,2,0.954042522,107,14,554,7,99.83449189
3,32,0,6,1,3,1.08622182,593,6,185,0,100
0,0,0,0,0,0,0,0,0,0,0,100
17,626,7,71,1,4,3.562157613,4193,58,2650,30,93.25337331
23,271,0,62,1,8,3.998639397,4492,32,1479,21,93.15181518
0,0,0,0,0,0,0,0,0,0,0,100
0,0,0,0,0,0,0,0,0,0,0,100
0,0,0,0,0,0,0,0,0,0,0,100
0,0,0,0,0,0,0,0,0,0,0,100
0,0,0,0,0,0,0,0,0,0,0,100
0,0,0,0,0,0,0,0,0,0,0,100
0,0,0,0,0,0,0,0,0,0,0,100
2,6,0,10,1,2,0.74248757,2754,1,33,0,100
0,0,0,0,0,0,0,0,0,0,0,100
0,0,0,0,0,0,0,0,0,0,0,100
0,0,0,0,0,0,0,0,0,0,0,100
1,0,0,5,1,1,0,184,0,0,0,100
7,902,6,5,1,2,2.483065282,88,73,3922,49,98.53889128
0,0,0,0,0,0,0,0,0,0,0,100
2,99,0,76,1,2,0.721928095,2407,35,547,6,100
1,0,0,2,1,1,0,218,0,4,0,100
2,18,0,52,1,2,0.439496987,1364,4,150,1,100
2,6,0,64,1,2,0.99107606,1134,5,54,0,100
3,18,0,65,1,3,1.44064545,1523,7,210,1,91.22725152
0,0,0,0,0,0,0,0,0,0,0,100
2,51,0,77,1,2,0.30642473,2506,6,446,5,100
1,2,0,66,1,1,0,1040,0,15,0,100
0,0,0,0,0,0,0,0,0,0,0,100
3,46,0,58,1,3,1.109534908,1060,4,329,2,100
0,0,0,0,0,0,0,0,0,0,0,100
6,212,2,69,1,2,2.15259304,2791,20,923,13,86.97674419
6,212,2,70,1,2,2.15259304,3003,20,923,13,86.97674419
0,0,0,0,0,0,0,0,0,0,0,100
3,6,0,18,1,2,1.040852083,810,0,53,0,100
1,0,0,78,1,1,0,1544,0,1,0,100
4,399,1,8,1,3,0.880642852,1836,86,2344,37,99.89754098
2,35,1,25,1,2,0.187176257,478,2,127,1,99.79560552
2,103,0,5,1,2,0.748293286,880,8,665,6,89.06037222
3,94,0,9,1,3,0.508729019,1928,27,581,6,100
11,637,10,19,1,3,3.272866961,588,50,1975,30,99.11147011
0,0,0,0,0,0,0,0,0,0,0,100
0,0,0,0,0,0,0,0,0,0,0,100
0,0,0,0,0,0,0,0,0,0,0,100
2,17,0,64,1,2,0.322756959,1745,3,128,2,100
0,0,0,0,0,0,0,0,0,0,0,100
0,0,0,0,0,0,0,0,0,0,0,100
2,11,0,79,1,2,0.981940787,2557,1,54,1,100
0,0,0,0,0,0,0,0,0,0,0,100
3,87,0,26,1,3,1.181532551,960,16,476,5,100
0,0,0,0,0,0,0,0,0,0,0,100
0,0,0,0,0,0,0,0,0,0,0,100
4,68,0,65,1,2,1.385907251,1959,12,338,4,99.40452561
1,18,0,2,1,1,0,20,0,0,0,100
0,0,0,0,0,0,0,0,0,0,0,100
0,0,0,0,0,0,0,0,0,0,0,100
0,0,0,0,0,0,0,0,0,0,0,100
0,0,0,0,0,0,0,0,0,0,0,100
0,0,0,0,0,0,0,0,0,0,0,100
0,0,0,0,0,0,0,0,0,0,0,100
0,0,0,0,0,0,0,0,0,0,0,100
2,2,0,69,1,2,0.954434003,1444,0,20,1,100
0,0,0,0,0,0,0,0,0,0,0,100
0,0,0,0,0,0,0,0,0,0,0,100
2,2,0,69,1,2,0.954434003,1446,0,20,1,100
0,0,0,0,0,0,0,0,0,0,0,100
2,63,0,4,1,2,0.417864262,559,1,498,1,100
2,37,0,70,1,2,0.179256067,1448,2,342,1,100
0,0,0,0,0,0,0,0,0,0,0,100
0,0,0,0,0,0,0,0,0,0,0,100
0,0,0,0,0,0,0,0,0,0,0,100
0,0,0,0,0,0,0,0,0,0,0,100
2,17,0,14,1,2,0.983939395,329,3,111,3,100
0,0,0,0,0,0,0,0,0,0,0,100
22,1771,0,12,1,6,2.039779618,8521,167,7065,78,100
2,104,1,66,1,2,0.278171008,729,5,582,4,99.92119779
4,16,0,12,1,4,1.712887622,923,3,95,0,100
3,192,0,27,1,3,1.448394189,684,15,1077,8,99.49592865
6,75,0,71,1,4,1.98988298,2802,5,474,4,100
13,384,2,59,1,7,2.865565594,2430,61,2466,46,88.9827856
2,103,1,25,1,2,0.996363935,178,17,483,4,95.59112609
11,420,1,10,1,4,2.893098107,1134,37,2229,5,88.8580354
0,0,0,0,0,0,0,0,0,0,0,100
1,3,0,10,1,1,0,262,0,18,0,100
0,0,0,0,0,0,0,0,0,0,0,100
0,0,0,0,0,0,0,0,0,0,0,100
1,9,0,12,1,1,0,74,2,40,2,100
1,17,0,8,1,1,0,155,1,112,1,90.53414469
0,0,0,0,0,0,0,0,0,0,0,100
1,4,0,8,1,1,0,187,4,51,1,100
3,12,0,60,1,3,1.493469276,1321,2,82,1,100
2,31,0,2,1,2,0.619382195,188,3,186,2,99.09356725
23,4138,23,10,1,2,4.207378222,4138,382,20842,168,95.34487653
2,97,1,18,1,2,0.14257333,375,3,601,2,99.94617869
4,502,2,25,1,3,1.024934575,483,63,3053,25,96.49565461
15,454,2,80,1,11,2.812294511,6150,73,2550,23,99.85350132
3,100,0,11,1,3,0.381580488,2277,29,654,5,100
2,94,1,16,1,2,0.550984443,639,8,322,2,96.64516129
2,70,0,67,1,2,0.821812731,833,4,371,1,99.85627021
0,0,0,0,0,0,0,0,0,0,0,100
4,68,0,2,1,3,2,519,0,0,0,100
2,86,0,14,1,2,1,644,0,0,0,100
0,0,0,0,0,0,0,0,0,0,0,100
5,275,1,61,1,5,1.392842022,1909,17,1542,10,99.92821249
0,0,0,0,0,0,0,0,0,0,0,100
2,25,0,72,1,2,0.884963636,1508,0,146,1,100
2,148,1,4,1,2,0.464810709,60,11,829,10,86.85208597
0,0,0,0,0,0,0,0,0,0,0,100
0,0,0,0,0,0,0,0,0,0,0,100
0,0,0,0,0,0,0,0,0,0,0,100
0,0,0,0,0,0,0,0,0,0,0,100
2,21,0,81,1,2,0.998363673,1647,3,143,3,100
1,52,0,2,1,1,0,205,1,495,1,100
5,655,1,73,1,3,1.065416408,2205,90,4001,52,99.03258656
0,0,0,0,0,0,0,0,0,0,0,100
0,0,0,0,0,0,0,0,0,0,0,100
1,2,0,82,1,1,0,1590,0,13,0,100
2,43,0,83,1,2,0.997059057,1666,6,282,5,100
13,2158,7,84,1,6,2.992199706,4511,281,13228,138,89.13443831
2,103,1,34,1,2,0.711180663,468,9,614,6,99.91582492
0,0,0,0,0,0,0,0,0,0,0,100
0,0,0,0,0,0,0,0,0,0,0,100
4,74,0,31,1,4,1.344852003,2017,1,29,0,100
1,0,0,4,1,1,0,608,0,0,0,100
0,0,0,0,0,0,0,0,0,0,0,100
0,0,0,0,0,0,0,0,0,0,0,100
0,0,0,0,0,0,0,0,0,0,0,100
0,0,0,0,0,0,0,0,0,0,0,100
0,0,0,0,0,0,0,0,0,0,0,100
0,0,0,0,0,0,0,0,0,0,0,100
3,488,2,2,1,3,1.5302269,218,56,2790,44,99.79018044
0,0,0,0,0,0,0,0,0,0,0,100
0,0,0,0,0,0,0,0,0,0,0,100
5,418,1,75,1,3,0.826249921,2605,42,2279,32,99.79079498
0,0,0,0,0,0,0,0,0,0,0,100
0,0,0,0,0,0,0,0,0,0,0,100
0,0,0,0,0,0,0,0,0,0,0,100
0,0,0,0,0,0,0,0,0,0,0,100
0,0,0,0,0,0,0,0,0,0,0,100
0,0,0,0,0,0,0,0,0,0,0,100
10,180,0,3,1,6,3.321928095,2753,0,0,0,100
0,0,0,0,0,0,0,0,0,0,0,100
0,0,0,0,0,0,0,0,0,0,0,100
0,0,0,0,0,0,0,0,0,0,0,100
0,0,0,0,0,0,0,0,0,0,0,100
0,0,0,0,0,0,0,0,0,0,0,100
0,0,0,0,0,0,0,0,0,0,0,100
0,0,0,0,0,0,0,0,0,0,0,100
0,0,0,0,0,0,0,0,0,0,0,100
0,0,0,0,0,0,0,0,0,0,0,100
0,0,0,0,0,0,0,0,0,0,0,100
2,11,0,76,1,2,0.721928095,1300,1,153,1,100
0,0,0,0,0,0,0,0,0,0,0,100
0,0,0,0,0,0,0,0,0,0,0,100
0,0,0,0,0,0,0,0,0,0,0,100
0,0,0,0,0,0,0,0,0,0,0,100
0,0,0,0,0,0,0,0,0,0,0,100
0,0,0,0,0,0,0,0,0,0,0,100
0,0,0,0,0,0,0,0,0,0,0,100
0,0,0,0,0,0,0,0,0,0,0,100
6,18,0,85,1,2,2.031729149,2295,1,18,1,100
0,0,0,0,0,0,0,0,0,0,0,100
0,0,0,0,0,0,0,0,0,0,0,100
0,0,0,0,0,0,0,0,0,0,0,100
0,0,0,0,0,0,0,0,0,0,0,100
6,18,0,84,1,2,2.031729149,2313,1,18,1,100
6,18,0,85,1,2,2.031729149,2295,1,18,1,100
0,0,0,0,0,0,0,0,0,0,0,100
0,0,0,0,0,0,0,0,0,0,0,100
0,0,0,0,0,0,0,0,0,0,0,100
0,0,0,0,0,0,0,0,0,0,0,100
0,0,0,0,0,0,0,0,0,0,0,100
10,151,0,17,2,6,3.310856643,1547,0,0,0,100
4,64,0,18,1,2,2,898,0,0,0,100
0,0,0,0,0,0,0,0,0,0,0,100
0,0,0,0,0,0,0,0,0,0,0,100
0,0,0,0,0,0,0,0,0,0,0,100
0,0,0,0,0,0,0,0,0,0,0,100
2,12,0,77,1,2,0.918295834,1631,1,94,2,100
0,0,0,0,0,0,0,0,0,0,0,100
0,0,0,0,0,0,0,0,0,0,0,100
0,0,0,0,0,0,0,0,0,0,0,100
0,0,0,0,0,0,0,0,0,0,0,100
0,0,0,0,0,0,0,0,0,0,0,100
0,0,0,0,0,0,0,0,0,0,0,100
0,0,0,0,0,0,0,0,0,0,0,100
0,0,0,0,0,0,0,0,0,0,0,100
0,0,0,0,0,0,0,0,0,0,0,100
0,0,0,0,0,0,0,0,0,0,0,100
0,0,0,0,0,0,0,0,0,0,0,100
0,0,0,0,0,0,0,0,0,0,0,100
0,0,0,0,0,0,0,0,0,0,0,100
0,0,0,0,0,0,0,0,0,0,0,100
1,13,0,26,1,1,0,109,3,88,1,100
0,0,0,0,0,0,0,0,0,0,0,100
2,33,1,6,1,2,0.854180205,364,0,59,0,90.995671
1,0,0,78,1,1,0,1145,0,5,0,100
0,0,0,0,0,0,0,0,0,0,0,100
0,0,0,0,0,0,0,0,0,0,0,100
0,0,0,0,0,0,0,0,0,0,0,100
0,0,0,0,0,0,0,0,0,0,0,100
1,15,0,5,1,1,0,366,1,91,0,100
0,0,0,0,0,0,0,0,0,0,0,100
0,0,0,0,0,0,0,0,0,0,0,100
0,0,0,0,0,0,0,0,0,0,0,100
0,0,0,0,0,0,0,0,0,0,0,100
0,0,0,0,0,0,0,0,0,0,0,100
0,0,0,0,0,0,0,0,0,0,0,100
0,0,0,0,0,0,0,0,0,0,0,100
0,0,0,0,0,0,0,0,0,0,0,100
0,0,0,0,0,0,0,0,0,0,0,100
2,22,0,86,1,2,0.881290899,1742,3,185,3,100
2,2,0,79,1,2,0.918295834,1641,0,23,0,100
2,89,1,20,1,2,0.670856159,627,11,386,3,100
0,0,0,0,0,0,0,0,0,0,0,100
0,0,0,0,0,0,0,0,0,0,0,100
0,0,0,0,0,0,0,0,0,0,0,100
0,0,0,0,0,0,0,0,0,0,0,100
2,37,1,71,1,2,0.764204507,903,2,237,1,91.01123596
1,0,0,20,1,1,0,378,0,2,0,100
1,2,0,72,1,1,0,905,0,22,0,91.10535406
2,153,0,62,1,2,0.945191769,1063,18,867,10,99.82078853
0,0,0,0,0,0,0,0,0,0,0,100
0,0,0,0,0,0,0,0,0,0,0,100
1,18,0,2,1,1,0,35,0,0,0,100
3,38,0,87,1,2,1.156676652,2249,6,282,2,100
2,12,0,17,1,2,1,808,0,0,0,100
2,6,0,18,1,2,1,820,0,42,0,100
0,0,0,0,0,0,0,0,0,0,0,100
318,0,0,88,2,60,7.256039695,73665,0,0,0,100
0,0,0,0,0,0,0,0,0,0,0,100
2,18,0,19,1,2,0.930586129,765,3,122,1,87.11683696
0,0,0,0,0,0,0,0,0,0,0,100
0,0,0,0,0,0,0,0,0,0,0,100
0,0,0,0,0,0,0,0,0,0,0,100
0,0,0,0,0,0,0,0,0,0,0,100
0,0,0,0,0,0,0,0,0,0,0,100
1,2,0,3,1,1,0,153,0,16,0,100
9,1543,3,64,1,5,1.950148742,1749,250,8598,143,87.87268332
0,0,0,0,0,0,0,0,0,0,0,100
0,0,0,0,0,0,0,0,0,0,0,100
0,0,0,0,0,0,0,0,0,0,0,100
0,0,0,0,0,0,0,0,0,0,0,100
0,0,0,0,0,0,0,0,0,0,0,100
0,0,0,0,0,0,0,0,0,0,0,100
0,0,0,0,0,0,0,0,0,0,0,100
15,423,0,65,1,8,3.227672571,4881,48,2142,19,90.66455696
2,109,0,66,1,2,0.907942863,1406,7,855,4,100
2,78,0,81,1,2,0.946422051,1383,11,545,7,100
1,0,0,82,1,1,0,1165,0,2,0,100
0,0,0,0,0,0,0,0,0,0,0,100
1,1,0,4,1,1,0,236,0,2,0,100
13,1250,12,7,1,4,3.328008232,31,74,4392,55,98.91122278
6,195,1,20,1,4,2.100465504,2671,13,1106,13,89.30369128
0,0,0,0,0,0,0,0,0,0,0,100
0,0,0,0,0,0,0,0,0,0,0,100
2,15,0,44,1,2,0.708835673,413,1,124,0,100
2,38,0,2,1,2,0.453716339,431,3,276,3,100
0,0,0,0,0,0,0,0,0,0,0,100
0,0,0,0,0,0,0,0,0,0,0,100
0,0,0,0,0,0,0,0,0,0,0,100
1,6,0,67,1,1,0,996,1,21,1,100
0,0,0,0,0,0,0,0,0,0,0,100
2,25,0,22,1,2,0.950956048,831,4,153,2,100
2,1,0,68,1,2,0.863120569,1744,0,7,0,100
0,0,0,0,0,0,0,0,0,0,0,100
0,0,0,0,0,0,0,0,0,0,0,100
3,6,0,21,1,3,1.465536041,1263,0,104,0,100
2,34,0,3,1,1,1,325,0,0,0,100
4,16,0,69,1,4,0.998952569,2403,3,107,0,100
0,0,0,0,0,0,0,0,0,0,0,100
0,0,0,0,0,0,0,0,0,0,0,100
0,0,0,0,0,0,0,0,0,0,0,100
0,0,0,0,0,0,0,0,0,0,0,100
0,0,0,0,0,0,0,0,0,0,0,100
2,67,0,83,1,2,0.825626526,1660,4,603,1,99.95751912
2,20,0,89,1,2,0.439496987,2349,1,201,1,100
2,11,0,5,1,2,0.958711883,1134,2,36,0,100
4,111,1,23,1,4,1.262668528,1068,8,515,8,99.83029275
3,95,1,39,1,2,1.451083153,693,9,430,8,98.93162393
1,8,0,18,1,1,0,180,2,47,0,100
2,122,0,84,1,2,0.822725596,1727,4,1208,1,100
0,0,0,0,0,0,0,0,0,0,0,100
1,7,0,7,1,1,0,352,0,47,0,100
0,0,0,0,0,0,0,0,0,0,0,100
0,0,0,0,0,0,0,0,0,0,0,100
0,0,0,0,0,0,0,0,0,0,0,100
0,0,0,0,0,0,0,0,0,0,0,100
1,2,0,8,1,1,0,359,1,13,0,100
0,0,0,0,0,0,0,0,0,0,0,100
0,0,0,0,0,0,0,0,0,0,0,100
0,0,0,0,0,0,0,0,0,0,0,100
1,9,0,15,1,1,0,93,1,18,1,100
0,0,0,0,0,0,0,0,0,0,0,100
3,24,1,5,1,3,1.105612401,2753,3,209,1,99.91386736
0,0,0,0,0,0,0,0,0,0,0,100
1,17,0,2,1,1,0,19,0,0,0,100
0,0,0,0,0,0,0,0,0,0,0,100
2,11,0,76,1,2,0.721928095,1303,9,1070,9,100
3,343,2,20,1,3,1.465314378,627,63,2321,10,94.83585393
3,343,2,19,1,3,1.465314378,970,63,2321,10,94.83585393
15,448,2,85,2,9,2.640519997,3635,173,6860,76,94.83585393
0,0,0,0,0,0,0,0,0,0,0,100
5,331,2,77,1,5,1.686085404,2599,23,1586,19,94.83585393
0,0,0,0,0,0,0,0,0,0,0,100
0,0,0,0,0,0,0,0,0,0,0,100
0,0,0,0,0,0,0,0,0,0,0,100
0,0,0,0,0,0,0,0,0,0,0,100
0,0,0,0,0,0,0,0,0,0,0,100
0,0,0,0,0,0,0,0,0,0,0,100
0,0,0,0,0,0,0,0,0,0,0,100
0,0,0,0,0,0,0,0,0,0,0,100
0,0,0,0,0,0,0,0,0,0,0,100
1,13,0,26,1,1,0,109,3,88,1,100
0,0,0,0,0,0,0,0,0,0,0,100
2,33,1,6,1,2,0.854180205,364,0,59,0,90.995671
2,33,1,3,1,2,0.854180205,397,0,59,0,90.995671
2,33,1,6,1,2,0.854180205,364,0,59,0,90.995671
0,0,0,0,0,0,0,0,0,0,0,100
1,0,0,78,1,1,0,1148,0,5,0,100
0,0,0,0,0,0,0,0,0,0,0,100
0,0,0,0,0,0,0,0,0,0,0,100
0,0,0,0,0,0,0,0,0,0,0,100
0,0,0,0,0,0,0,0,0,0,0,100
0,0,0,0,0,0,0,0,0,0,0,100
1,15,0,5,1,1,0,366,1,91,0,100
1,15,0,4,1,1,0,351,1,91,0,100
0,0,0,0,0,0,0,0,0,0,0,100
0,0,0,0,0,0,0,0,0,0,0,100
0,0,0,0,0,0,0,0,0,0,0,100
0,0,0,0,0,0,0,0,0,0,0,100
0,0,0,0,0,0,0,0,0,0,0,100
0,0,0,0,0,0,0,0,0,0,0,100
2,22,0,86,1,2,0.881290899,1742,19,892,14,100
2,2,0,79,1,2,0.918295834,1641,0,23,0,100
2,89,1,20,1,2,0.670856159,627,11,386,3,100
3,334,2,21,1,3,1.449527081,641,60,2274,10,91.04606113
0,0,0,0,0,0,0,0,0,0,0,100
1,1,0,22,1,1,0,641,0,2,0,100
1,1,0,23,1,1,0,640,0,0,0,100
1,5,0,2,1,1,0,229,0,0,0,100
0,0,0,0,0,0,0,0,0,0,0,100
1,2,0,2,1,1,0,105,0,27,0,100
1,0,0,3,1,1,0,224,0,0,0,100
2,331,2,0,1,2,0.907894446,331,60,2303,10,91.04606113
0,0,0,0,0,0,0,0,0,0,0,100
0,0,0,0,0,0,0,0,0,0,0,100
0,0,0,0,0,0,0,0,0,0,0,100
2,37,1,71,1,2,0.764204507,903,2,237,1,91.01123596
1,0,0,20,1,1,0,378,0,2,0,100
1,2,0,72,1,1,0,905,0,22,0,91.10535406
2,153,0,62,1,2,0.945191769,1063,204,5259,66,99.82078853
0,0,0,0,0,0,0,0,0,0,0,100
0,0,0,0,0,0,0,0,0,0,0,100
1,18,0,2,1,1,0,35,2,205,1,100
7,125,3,70,1,7,2.21548273,2550,40,1219,1,90.79569892
1,19,0,4,1,1,0,224,0,0,0,100
1,10,0,5,1,1,0,243,3,67,0,100
10,116,3,87,1,9,2.521166669,4953,149,3388,59,90.79569892
2,12,0,19,1,2,1,808,120,4052,78,100
2,6,0,20,1,2,1,820,0,42,0,100
0,0,0,0,0,0,0,0,0,0,0,100
318,0,0,88,2,60,7.256039695,73665,0,0,0,100
0,0,0,0,0,0,0,0,0,0,0,100
2,18,0,19,1,2,0.930586129,765,9,380,6,87.11683696
0,0,0,0,0,0,0,0,0,0,0,100
0,0,0,0,0,0,0,0,0,0,0,100
0,0,0,0,0,0,0,0,0,0,0,100
0,0,0,0,0,0,0,0,0,0,0,100
0,0,0,0,0,0,0,0,0,0,0,100
1,2,0,3,1,1,0,153,48,1134,5,100
9,1543,3,64,1,5,1.950148742,1749,514,16226,245,87.87268332
0,0,0,0,0,0,0,0,0,0,0,100
327,1938,7,85,2,64,6.887239725,75914,293,10654,163,87.89110118
2,22,0,86,1,2,0.881290899,1742,19,892,14,100
2,2,0,79,1,2,0.918295834,1641,0,23,0,100
1,0,0,20,1,1,0,378,0,2,0,100
1,2,0,72,1,1,0,905,0,22,0,91.10535406
2,153,0,62,1,2,0.945191769,1063,204,5259,66,99.82078853
1,18,0,2,1,1,0,35,2,205,1,100
3,38,0,87,1,2,1.156676652,2249,6,282,2,100
2,12,0,17,1,2,1,808,120,4052,78,100
2,18,0,19,1,2,0.930586129,765,9,380,6,87.11683696
1,2,0,3,1,1,0,153,48,1134,5,100
9,1543,3,64,1,5,1.950148742,1749,514,16226,245,87.87268332
0,0,0,0,0,0,0,0,0,0,0,100
0,0,0,0,0,0,0,0,0,0,0,100
15,423,0,65,1,8,3.227672571,4881,199,6732,88,90.66455696
15,423,0,64,1,8,3.227672571,5304,48,2142,19,90.66455696
15,423,0,65,1,8,3.227672571,4881,199,6732,88,90.66455696
1,1,0,4,1,1,0,236,0,2,0,100
331,1889,8,86,2,65,6.831651852,76907,264,9830,166,86.44351464
331,1889,8,88,2,65,6.831651852,75018,380,12474,204,86.44351464
2,109,0,66,1,2,0.907942863,1406,43,3800,26,100
1,1,0,3,1,1,0,237,0,2,0,100
14,1251,12,7,1,5,3.344335048,267,74,4423,55,98.91122278
6,195,1,22,1,4,2.100465504,2671,165,8116,100,89.30369128
0,0,0,0,0,0,0,0,0,0,0,100
2,78,0,81,1,2,0.946422051,1383,25,2155,18,100
1,0,0,82,1,1,0,1165,0,2,0,100
1,0,0,83,1,1,0,1165,0,2,0,100
2,78,0,84,1,2,0.946422051,1461,11,545,7,100
2,78,0,85,1,2,0.946422051,1383,25,2155,18,100
1,0,0,86,1,1,0,1165,0,2,0,100
21,1446,13,81,1,10,3.768277817,5549,87,5498,68,88.33757422
1,0,0,82,1,1,0,1165,0,2,0,100
20,1446,13,22,1,9,3.758443164,2938,239,12539,155,88.33757422
2,15,0,44,1,2,0.708835673,413,1,176,0,100
2,38,0,2,1,2,0.453716339,431,15,1967,12,100
0,0,0,0,0,0,0,0,0,0,0,100
0,0,0,0,0,0,0,0,0,0,0,100
0,0,0,0,0,0,0,0,0,0,0,100
1,6,0,67,1,1,0,996,1,21,1,100
0,0,0,0,0,0,0,0,0,0,0,100
2,25,0,22,1,2,0.950956048,831,19,1479,14,100
2,1,0,68,1,2,0.863120569,1744,0,7,0,100
0,0,0,0,0,0,0,0,0,0,0,100
0,0,0,0,0,0,0,0,0,0,0,100
3,6,0,23,1,3,1.465536041,1263,0,104,0,100
2,34,0,3,1,1,1,325,14,1868,11,100
2,360,2,5,1,2,0.877868813,0,63,2370,10,98.98175647
6,344,2,69,1,6,1.24200883,2763,152,2738,55,98.98175647
0,0,0,0,0,0,0,0,0,0,0,100
0,0,0,0,0,0,0,0,0,0,0,100
0,0,0,0,0,0,0,0,0,0,0,100
0,0,0,0,0,0,0,0,0,0,0,100
0,0,0,0,0,0,0,0,0,0,0,100
0,0,0,0,0,0,0,0,0,0,0,100
2,67,0,87,1,2,0.825626526,1660,45,4541,30,99.95751912
2,20,0,89,1,2,0.439496987,2349,34,7152,32,100
2,11,0,5,1,2,0.958711883,1134,2,36,0,100
4,111,1,25,1,4,1.262668528,1068,132,4867,90,99.83029275
3,95,1,39,1,2,1.451083153,693,9,430,8,98.93162393
1,8,0,18,1,1,0,180,2,47,0,100
2,122,0,88,1,2,0.822725596,1727,4,1208,1,100
0,0,0,0,0,0,0,0,0,0,0,100
1,7,0,7,1,1,0,352,68,1573,33,100
0,0,0,0,0,0,0,0,0,0,0,100
39,2028,15,88,1,20,4.568678693,14897,129,9375,93,87.4839812
13,1250,12,7,1,4,3.328008232,31,74,4425,55,98.91122278
6,195,1,20,1,4,2.100465504,2671,165,8116,100,89.30369128
2,15,0,44,1,2,0.708835673,413,1,176,0,100
2,38,0,2,1,2,0.453716339,431,15,1967,12,100
1,6,0,67,1,1,0,996,1,21,1,100
2,25,0,22,1,2,0.950956048,831,19,1479,14,100
2,1,0,68,1,2,0.863120569,1744,0,7,0,100
2,34,0,3,1,1,1,325,14,1868,11,100
4,16,0,69,1,4,0.998952569,2403,215,5108,65,100
2,67,0,83,1,2,0.825626526,1660,45,4541,30,99.95751912
2,20,0,89,1,2,0.439496987,2349,34,7152,32,100
4,111,1,23,1,4,1.262668528,1068,132,4867,90,99.83029275
1,8,0,18,1,1,0,180,2,47,0,100
2,122,0,84,1,2,0.822725596,1727,4,1208,1,100
1,7,0,7,1,1,0,352,68,1573,33,100
0,0,0,0,0,0,0,0,0,0,0,100
1,2,0,8,1,1,0,359,1,13,0,100
0,0,0,0,0,0,0,0,0,0,0,100
0,0,0,0,0,0,0,0,0,0,0,100
0,0,0,0,0,0,0,0,0,0,0,100
3,29,0,26,1,3,1.294487566,1167,9,2060,8,100
3,93,0,27,1,3,1.103307409,1196,17,2488,12,100
1,0,0,3,1,1,0,50,0,3,0,100
1,4,0,20,1,1,0,703,116,3434,41,100
2,38,0,89,1,2,0.347816914,1455,7,223,6,99.9137931
2,360,2,5,1,2,0.877868813,0,63,2370,10,98.03921569
6,234,2,14,1,4,2.035689709,1361,18,1992,15,98.03921569
7,9,0,90,1,3,2.655050539,2309,470,10463,205,100
0,0,0,0,0,0,0,0,0,0,0,100
0,0,0,0,0,0,0,0,0,0,0,100
0,0,0,0,0,0,0,0,0,0,0,100
0,0,0,0,0,0,0,0,0,0,0,100
0,0,0,0,0,0,0,0,0,0,0,100
0,0,0,0,0,0,0,0,0,0,0,100
0,0,0,0,0,0,0,0,0,0,0,100
0,0,0,0,0,0,0,0,0,0,0,100
0,0,0,0,0,0,0,0,0,0,0,100
19,290,0,89,1,13,3.221110122,7077,22,1433,4,99.9137931
19,290,0,90,1,13,3.221110122,6787,654,21011,288,99.9137931
18,613,6,89,1,10,2.959006979,3538,96,3028,16,97.37171464
18,613,6,90,1,10,2.959006979,4151,399,10919,210,97.37171464
0,0,0,0,0,0,0,0,0,0,0,100
0,0,0,0,0,0,0,0,0,0,0,100
0,0,0,0,0,0,0,0,0,0,0,100
19,290,0,89,1,13,3.221110122,7077,22,1433,4,99.9137931
19,290,0,90,1,13,3.221110122,6787,654,21011,288,99.9137931
0,0,0,0,0,0,0,0,0,0,0,100
0,0,0,0,0,0,0,0,0,0,0,100
0,0,0,0,0,0,0,0,0,0,0,100
1,9,0,9,1,1,0,691,2,61,0,100
0,0,0,0,0,0,0,0,0,0,0,100
0,0,0,0,0,0,0,0,0,0,0,100
0,0,0,0,0,0,0,0,0,0,0,100
3,24,1,5,1,3,1.105612401,2753,305,9171,281,99.91386736
0,0,0,0,0,0,0,0,0,0,0,100
3,24,1,6,1,3,1.105612401,2777,3,209,1,99.91386736
3,24,1,7,1,3,1.105612401,2753,305,9171,281,99.91386736
20,299,0,89,1,14,3.366157841,7777,24,1494,4,99.91394148
26,1013,5,90,1,18,3.501453382,7497,771,24848,307,97.29053772
6,714,5,3,1,4,2.060193345,733,115,3776,19,97.37390579
0,0,0,0,0,0,0,0,0,0,0,100
20,299,0,89,1,14,3.366157841,7777,24,1494,4,99.91394148
30,1360,9,90,1,19,3.956671437,7497,805,26437,329,96.89054726
1,0,0,3,1,1,0,19,0,0,0,100
30,1343,9,89,1,19,3.99190632,8857,172,6719,44,96.89054726
21,282,0,90,1,15,3.471661666,7514,656,21072,288,99.91394148
0,0,0,0,0,0,0,0,0,0,0,100
9,1049,9,7,1,4,2.959224685,0,149,5321,41,96.973466
0,0,0,0,0,0,0,0,0,0,0,100
0,0,0,0,0,0,0,0,0,0,0,100
11,274,4,8,1,4,2.715001715,1049,32,1590,26,99.59935897
0,0,0,0,0,0,0,0,0,0,0,100
0,0,0,0,0,0,0,0,0,0,0,100
0,0,0,0,0,0,0,0,0,0,0,100
3,2,0,9,1,2,1.384431504,544,0,20,0,100
0,0,0,0,0,0,0,0,0,0,0,100
3,2,0,8,1,2,1.384431504,542,0,20,0,100
3,2,0,9,1,2,1.384431504,544,0,20,0,100
0,0,0,0,0,0,0,0,0,0,0,100
0,0,0,0,0,0,0,0,0,0,0,100
0,0,0,0,0,0,0,0,0,0,0,100
0,0,0,0,0,0,0,0,0,0,0,100
2,61,0,8,1,2,0.391243564,423,22,1670,21,100
0,0,0,0,0,0,0,0,0,0,0,100
2,46,0,5,1,2,0.499179836,206,5,241,4,100
2,31,0,74,1,2,0.84185219,1954,143,7210,94,100
3,41,0,75,1,2,1.153868724,2022,224,6522,53,99.14250715
8,50,0,70,1,6,2.869258018,2529,6,198,0,100
1,0,0,91,1,1,0,1624,0,0,0,100
1,0,0,90,1,1,0,1624,0,0,0,100
2,1,0,91,1,2,0.918295834,2648,0,7,0,100
0,0,0,0,0,0,0,0,0,0,0,100
0,0,0,0,0,0,0,0,0,0,0,100
0,0,0,0,0,0,0,0,0,0,0,100
0,0,0,0,0,0,0,0,0,0,0,100
1,1,0,3,1,1,0,133,0,11,0,100
1,0,0,3,1,1,0,145,0,5,0,100
1,18,0,90,1,1,0,1196,6,142,2,100
2,10,0,11,1,2,0.749595257,269,0,18,0,100
2,23,0,18,1,2,0.884963636,1455,3,133,1,100
0,0,0,0,0,0,0,0,0,0,0,100
1,0,0,22,1,1,0,378,0,0,0,100
3,323,1,6,1,2,0.755214937,1145,43,5873,38,99.95843724
1,0,0,92,1,1,0,1624,0,5,0,100
2,1,0,11,1,2,0.970950594,786,0,0,0,100
10,925,7,7,1,2,2.964500138,1391,60,5601,33,99.25373134
4,116,0,30,1,2,0.936673281,1753,30,3885,25,100
0,0,0,0,0,0,0,0,0,0,0,100
1,3,0,4,1,1,0,128,1,4,0,100
1,1,0,5,1,1,0,735,0,20,0,100
5,25,0,11,1,4,1.696602831,498,4,137,2,99.58609272
10,396,1,9,1,2,2.160934993,1909,20,2658,10,99.83450559
10,396,1,8,1,2,2.200533077,2305,20,2658,10,99.83450559
10,396,1,9,1,2,2.160934993,1909,20,2658,10,99.83450559
6,46,1,28,1,4,1.211483034,1490,7,299,2,99.91742362
2,22,0,29,1,2,1,924,0,0,0,100
9,39,1,76,1,6,2.494874179,3623,365,13816,149,99.91742362
9,39,1,75,1,6,2.494874179,3584,3,75,0,99.91742362
9,36,1,76,1,6,2.487271603,3623,366,13864,149,99.91742362
11,71,1,75,1,8,2.921064456,3771,37,1214,9,99.91742362
11,70,1,76,1,8,2.97031573,3842,366,13864,149,99.91742362
15,289,2,91,1,11,2.576564748,5704,51,1712,16,99.71134021
3,33,0,76,1,2,1.041464763,2065,371,13981,149,100
35,1815,10,90,1,18,3.995551522,11066,104,9094,52,98.55252275
37,1817,10,91,1,19,4.120295253,9350,524,25311,221,98.55252275
6,34,0,10,1,2,2.493440314,818,57,1271,10,100
4,6,0,6,1,1,1.863120569,523,0,0,0,100
0,0,0,0,0,0,0,0,0,0,0,100
0,0,0,0,0,0,0,0,0,0,0,100
0,0,0,0,0,0,0,0,0,0,0,100
40,0,0,93,1,24,5.123717423,14629,0,0,0,100
6,0,0,16,1,5,1.412253883,2490,0,0,0,100
0,0,0,0,0,0,0,0,0,0,0,100
262,4,0,94,1,62,6.995285848,67022,5,2332,0,99.91786448
517,0,0,95,2,71,9.012947284,89190,0,0,0,100
45,173,0,77,1,15,4.833284539,12084,0,1529,0,90.36850921
14,3,0,42,1,9,3.113669592,3289,0,82,0,100
9,0,0,41,1,5,3.095795255,4374,0,31,0,100
2,8,0,96,1,2,0.954434003,1727,448,10337,193,100
3,96,1,39,1,3,1.126456155,716,9,336,4,98.85198852
0,0,0,0,0,0,0,0,0,0,0,100
2,24,0,26,1,2,0.918295834,1059,24,3004,18,100
2,73,0,4,1,2,0.964547659,396,22,2062,20,99.92125984
0,0,0,0,0,0,0,0,0,0,0,100
0,0,0,0,0,0,0,0,0,0,0,100
0,0,0,0,0,0,0,0,0,0,0,100
4,22,0,79,1,3,1.423050818,3276,5,134,2,100
4,22,0,78,1,3,1.423050818,3298,5,134,2,100
4,22,0,79,1,3,1.423050818,3276,5,134,2,100
0,0,0,0,0,0,0,0,0,0,0,100
2,6,0,97,1,2,0.99107606,1790,2,42,1,100
0,0,0,0,0,0,0,0,0,0,0,100
1,7,0,14,1,1,0,348,1,36,0,100
0,0,0,0,0,0,0,0,0,0,0,100
0,0,0,0,0,0,0,0,0,0,0,100
2,290,0,10,1,2,0.182138465,3350,346,18627,321,100
0,0,0,0,0,0,0,0,0,0,0,100
2,290,0,9,1,2,0.182138465,3640,9,2551,9,100
2,290,0,10,1,2,0.182138465,3350,346,18627,321,100
0,0,0,0,0,0,0,0,0,0,0,100
0,0,0,0,0,0,0,0,0,0,0,100
9,1149,9,1,1,2,3.052985933,0,121,5766,72,98.95913647
18,901,10,98,1,6,3.621903171,8783,51,7302,16,90.46372476
9,1149,9,1,1,2,3.052985933,0,121,5766,72,98.9427634
0,0,0,0,0,0,0,0,0,0,0,100
0,0,0,0,0,0,0,0,0,0,0,100
1,0,0,12,1,1,0,2616,0,0,0,100
0,0,0,0,0,0,0,0,0,0,0,100
0,0,0,0,0,0,0,0,0,0,0,100
6,184,2,42,1,4,1.481711093,720,72,4312,38,95.40186916
0,0,0,0,0,0,0,0,0,0,0,100
0,0,0,0,0,0,0,0,0,0,0,100
0,0,0,0,0,0,0,0,0,0,0,100
0,0,0,0,0,0,0,0,0,0,0,100
0,0,0,0,0,0,0,0,0,0,0,100
0,0,0,0,0,0,0,0,0,0,0,100
0,0,0,0,0,0,0,0,0,0,0,100
18,1637,3,73,1,8,2.534364845,3663,189,8907,131,99.37718957
0,0,0,0,0,0,0,0,0,0,0,100
0,0,0,0,0,0,0,0,0,0,0,100
0,0,0,0,0,0,0,0,0,0,0,100
0,0,0,0,0,0,0,0,0,0,0,100
0,0,0,0,0,0,0,0,0,0,0,100
0,0,0,0,0,0,0,0,0,0,0,100
0,0,0,0,0,0,0,0,0,0,0,100
18,1637,3,72,1,8,2.534364845,5300,189,8907,131,99.37718957
0,0,0,0,0,0,0,0,0,0,0,100
18,1637,3,73,1,8,2.534364845,3663,189,8907,131,99.37718957
0,0,0,0,0,0,0,0,0,0,0,100
0,0,0,0,0,0,0,0,0,0,0,100
0,0,0,0,0,0,0,0,0,0,0,100
0,0,0,0,0,0,0,0,0,0,0,100
0,0,0,0,0,0,0,0,0,0,0,100
0,0,0,0,0,0,0,0,0,0,0,100
0,0,0,0,0,0,0,0,0,0,0,100
0,0,0,0,0,0,0,0,0,0,0,100
0,0,0,0,0,0,0,0,0,0,0,100
0,0,0,0,0,0,0,0,0,0,0,100
0,0,0,0,0,0,0,0,0,0,0,100
0,0,0,0,0,0,0,0,0,0,0,100
0,0,0,0,0,0,0,0,0,0,0,100
1,2,0,7,1,1,0,335,0,46,0,100
12,396,1,80,1,8,2.884599258,4643,589,17705,215,99.92242048
0,0,0,0,0,0,0,0,0,0,0,100
0,0,0,0,0,0,0,0,0,0,0,100
1,58,0,22,1,1,0,1752,22,521,0,100
0,0,0,0,0,0,0,0,0,0,0,100
0,0,0,0,0,0,0,0,0,0,0,100
0,0,0,0,0,0,0,0,0,0,0,100
0,0,0,0,0,0,0,0,0,0,0,100
0,0,0,0,0,0,0,0,0,0,0,100
2,2,0,16,1,1,1,192,11,726,6,100
1,7,0,23,1,1,0,1810,1,52,0,100
26,65,0,99,1,18,4.054734857,15649,1,384,0,100
0,0,0,0,0,0,0,0,0,0,0,100
16,130,1,100,1,12,3.127280101,9170,137,4025,68,95.06454062
13,12,1,96,1,9,3.072479363,4946,8,65,3,99.92553984
1,2,0,66,1,1,0,1144,0,28,0,100
97,340,1,78,1,21,5.533997794,26812,67,2643,56,95.49005682
0,0,0,0,0,0,0,0,0,0,0,100
3,72,0,101,1,1,1.114729977,2524,9,322,5,99.8982706
0,0,0,0,0,0,0,0,0,0,0,100
0,0,0,0,0,0,0,0,0,0,0,100
1,11,0,10,1,1,0,204,1,76,0,100
1,80,0,77,1,1,0,1134,21,370,4,100
3,32,3,6,1,1,1.556254104,128,1,127,1,90.27088897
0,0,0,0,0,0,0,0,0,0,0,100
0,0,0,0,0,0,0,0,0,0,0,100
2,47,0,97,1,2,0.462749059,1828,45,5971,32,100
1,0,0,24,1,1,0,326,0,0,0,100
1,1,0,43,1,1,0,692,0,9,0,100
8,84,3,26,1,3,2.537838264,2067,3,156,3,90.29618083
1,33,0,21,1,1,0,175,4,194,2,100
1,21,0,22,1,1,0,142,30,793,19,100
0,0,0,0,0,0,0,0,0,0,0,100
0,0,0,0,0,0,0,0,0,0,0,100
7,37,0,12,1,1,2.699387797,736,1,65,1,100
0,0,0,0,0,0,0,0,0,0,0,100
0,0,0,0,0,0,0,0,0,0,0,100
0,0,0,0,0,0,0,0,0,0,0,100
0,0,0,0,0,0,0,0,0,0,0,100
0,0,0,0,0,0,0,0,0,0,0,100
1,33,0,2,1,1,0,96,6,561,4,100
0,0,0,0,0,0,0,0,0,0,0,100
1,33,0,5,1,1,0,280,0,52,0,100
0,0,0,0,0,0,0,0,0,0,0,100
0,0,0,0,0,0,0,0,0,0,0,100
1,1,0,24,1,1,0,1817,0,16,0,100
6,25,0,102,1,4,2.211810353,3899,0,220,1,100
4,35,0,84,1,2,1.397786827,1252,31,1053,19,100
0,0,0,0,0,0,0,0,0,0,0,100
0,0,0,0,0,0,0,0,0,0,0,100
14,225,2,79,1,8,2.377382028,3310,19,2454,15,93.59831164
0,0,0,0,0,0,0,0,0,0,0,100
1,4,0,9,1,1,0,351,0,10,0,100
6,108,0,78,1,3,1.802988042,1981,286,9850,106,100
3,170,0,103,1,3,1.336666482,2411,529,15435,237,100
3,51,1,85,1,2,1.480725487,2083,152,7738,100,99.92977528
1,17,0,2,1,1,0,17,0,76,0,100
0,0,0,0,0,0,0,0,0,0,0,100
1,119,0,25,1,1,0,1818,19,724,10,100
0,0,0,0,0,0,0,0,0,0,0,100
0,0,0,0,0,0,0,0,0,0,0,100
0,0,0,0,0,0,0,0,0,0,0,100
1,0,0,17,1,1,0,183,0,0,0,100
1,0,0,14,1,1,0,2617,0,0,0,100
6,168,0,37,1,5,2.280589437,2716,154,4385,65,100
0,0,0,0,0,0,0,0,0,0,0,100
2,7,0,98,1,2,0.453716339,1874,1,54,1,100
0,0,0,0,0,0,0,0,0,0,0,100
2,16,0,34,1,2,1,1134,182,6258,94,100
2,119,1,104,1,2,0.318855419,1717,3,675,2,99.54513646
1,17,0,2,1,1,0,114,2,641,2,100
0,0,0,0,0,0,0,0,0,0,0,100
3,110,1,15,1,2,1.368297198,757,106,4070,48,99.75652174
2,67,0,21,1,2,0.996791632,337,12,460,7,100
0,0,0,0,0,0,0,0,0,0,0,100
0,0,0,0,0,0,0,0,0,0,0,100
0,0,0,0,0,0,0,0,0,0,0,100
2,48,1,30,1,1,0.327444919,132,4,280,3,99.54861111
0,0,0,0,0,0,0,0,0,0,0,100
0,0,0,0,0,0,0,0,0,0,0,100
3,38,0,10,1,2,1.219748493,298,3,81,1,100
0,0,0,0,0,0,0,0,0,0,0,100
1,17,0,86,1,1,0,956,2,88,1,100
0,0,0,0,0,0,0,0,0,0,0,100
0,0,0,0,0,0,0,0,0,0,0,100
0,0,0,0,0,0,0,0,0,0,0,100
0,0,0,0,0,0,0,0,0,0,0,100
0,0,0,0,0,0,0,0,0,0,0,100
0,0,0,0,0,0,0,0,0,0,0,100
0,0,0,0,0,0,0,0,0,0,0,100
0,0,0,0,0,0,0,0,0,0,0,100
0,0,0,0,0,0,0,0,0,0,0,100
0,0,0,0,0,0,0,0,0,0,0,100
0,0,0,0,0,0,0,0,0,0,0,100
0,0,0,0,0,0,0,0,0,0,0,100
0,0,0,0,0,0,0,0,0,0,0,100
3,16,0,87,1,3,1.336666482,2533,152,7716,102,100
0,0,0,0,0,0,0,0,0,0,0,100
0,0,0,0,0,0,0,0,0,0,0,100
0,0,0,0,0,0,0,0,0,0,0,100
0,0,0,0,0,0,0,0,0,0,0,100
0,0,0,0,0,0,0,0,0,0,0,100
4,0,0,35,1,4,1.724407818,1476,0,41,0,100
4,45,0,28,1,3,0.866987402,1946,6,306,3,100
2,119,1,26,1,2,0.439496987,763,3,614,2,99.54923717
1,5,0,27,1,1,0,772,2,31,0,100
1,17,0,2,1,1,0,110,2,594,2,100
0,0,0,0,0,0,0,0,0,0,0,100
23,674,7,99,1,11,3.918194014,6620,728,21046,273,92.57142857
0,0,0,0,0,0,0,0,0,0,0,100
4,268,4,11,1,4,1.628356075,0,23,975,13,99.76108309
1,0,0,2,1,1,0,137,0,0,0,100
0,0,0,0,0,0,0,0,0,0,0,100
0,0,0,0,0,0,0,0,0,0,0,100
3,89,1,40,1,2,1.263199462,754,9,395,3,99.84147952
0,0,0,0,0,0,0,0,0,0,0,100
0,0,0,0,0,0,0,0,0,0,0,100
0,0,0,0,0,0,0,0,0,0,0,100
0,0,0,0,0,0,0,0,0,0,0,100
1,0,0,14,1,1,0,169,0,1,0,100
0,0,0,0,0,0,0,0,0,0,0,100
1,2,0,6,1,1,0,1991,0,16,0,100
2,2,0,10,1,2,0.650022422,420,0,14,0,100
1,0,0,5,1,1,0,317,0,8,0,100
0,0,0,0,0,0,0,0,0,0,0,100
0,0,0,0,0,0,0,0,0,0,0,100
0,0,0,0,0,0,0,0,0,0,0,100
0,0,0,0,0,0,0,0,0,0,0,100
0,0,0,0,0,0,0,0,0,0,0,100
0,0,0,0,0,0,0,0,0,0,0,100
0,0,0,0,0,0,0,0,0,0,0,100
0,0,0,0,0,0,0,0,0,0,0,100
0,0,0,0,0,0,0,0,0,0,0,100
0,0,0,0,0,0,0,0,0,0,0,100
0,0,0,0,0,0,0,0,0,0,0,100
0,0,0,0,0,0,0,0,0,0,0,100
0,0,0,0,0,0,0,0,0,0,0,100
1,1,0,11,1,1,0,356,0,37,0,100
0,0,0,0,0,0,0,0,0,0,0,100
0,0,0,0,0,0,0,0,0,0,0,100
0,0,0,0,0,0,0,0,0,0,0,100
0,0,0,0,0,0,0,0,0,0,0,100
0,0,0,0,0,0,0,0,0,0,0,100
0,0,0,0,0,0,0,0,0,0,0,100
0,0,0,0,0,0,0,0,0,0,0,100
0,0,0,0,0,0,0,0,0,0,0,100
0,0,0,0,0,0,0,0,0,0,0,100
0,0,0,0,0,0,0,0,0,0,0,100
0,0,0,0,0,0,0,0,0,0,0,100
0,0,0,0,0,0,0,0,0,0,0,100
0,0,0,0,0,0,0,0,0,0,0,100
0,0,0,0,0,0,0,0,0,0,0,100
0,0,0,0,0,0,0,0,0,0,0,100
0,0,0,0,0,0,0,0,0,0,0,100
0,0,0,0,0,0,0,0,0,0,0,100
0,0,0,0,0,0,0,0,0,0,0,100
0,0,0,0,0,0,0,0,0,0,0,100
0,0,0,0,0,0,0,0,0,0,0,100
0,0,0,0,0,0,0,0,0,0,0,100
4,55,0,100,1,2,1.909887141,2479,371,13507,134,100
0,0,0,0,0,0,0,0,0,0,0,100
0,0,0,0,0,0,0,0,0,0,0,100
0,0,0,0,0,0,0,0,0,0,0,100
0,0,0,0,0,0,0,0,0,0,0,100
7,11,0,80,1,4,2.248495256,2877,3,28,1,100
1,17,0,21,1,1,0,785,3,58,0,100
0,0,0,0,0,0,0,0,0,0,0,100
2,3,0,14,1,2,0.985228136,229,11,679,8,100
0,0,0,0,0,0,0,0,0,0,0,100
0,0,0,0,0,0,0,0,0,0,0,100
0,0,0,0,0,0,0,0,0,0,0,100
0,0,0,0,0,0,0,0,0,0,0,100
14,40,0,88,1,11,3.750085681,3813,11,159,0,100
1,4,0,6,1,1,0,237,2,17,0,100
1,0,0,101,1,1,0,1200,0,12,0,100
0,0,0,0,0,0,0,0,0,0,0,100
0,0,0,0,0,0,0,0,0,0,0,100
0,0,0,0,0,0,0,0,0,0,0,100
0,0,0,0,0,0,0,0,0,0,0,100
0,0,0,0,0,0,0,0,0,0,0,100
0,0,0,0,0,0,0,0,0,0,0,100
0,0,0,0,0,0,0,0,0,0,0,100
0,0,0,0,0,0,0,0,0,0,0,100
3,11,0,2,1,1,1.584962501,342,0,42,0,100
0,0,0,0,0,0,0,0,0,0,0,100
0,0,0,0,0,0,0,0,0,0,0,100
0,0,0,0,0,0,0,0,0,0,0,100
0,0,0,0,0,0,0,0,0,0,0,100
27,53,0,21,1,10,4.389798373,4594,3,587,1,97.37817797
3,2,0,17,1,2,1.505240815,532,1,34,1,99.92025518
0,0,0,0,0,0,0,0,0,0,0,100
0,0,0,0,0,0,0,0,0,0,0,100
0,0,0,0,0,0,0,0,0,0,0,100
0,0,0,0,0,0,0,0,0,0,0,100
0,0,0,0,0,0,0,0,0,0,0,100
0,0,0,0,0,0,0,0,0,0,0,100
0,0,0,0,0,0,0,0,0,0,0,100
0,0,0,0,0,0,0,0,0,0,0,100
0,0,0,0,0,0,0,0,0,0,0,100
0,0,0,0,0,0,0,0,0,0,0,100
0,0,0,0,0,0,0,0,0,0,0,100
0,0,0,0,0,0,0,0,0,0,0,100
0,0,0,0,0,0,0,0,0,0,0,100
7,93,1,102,1,6,1.159378587,1290,8,575,8,99.73418394
0,0,0,0,0,0,0,0,0,0,0,100
0,0,0,0,0,0,0,0,0,0,0,100
2,143,2,4,1,2,0.974129188,143,16,543,10,99.86677325
1,0,0,15,1,1,0,2617,0,0,0,100
0,0,0,0,0,0,0,0,0,0,0,100
1,3,0,5,1,1,0,218,0,25,0,100
3,15,0,103,1,3,0.320827992,2562,13,134,0,100
1,1,0,20,1,1,0,1008,1,1,0,100
1,4,0,52,1,1,0,488,1,16,0,100
1,0,0,18,1,1,0,355,0,0,0,100
1,15,0,21,1,1,0,1009,0,1,0,100
1,1,0,22,1,1,0,1024,1,11,0,100
190,285,0,105,1,54,6.347343862,59192,2044,66009,1001,100
1,15,0,11,1,1,0,361,0,32,0,100
6,4,0,106,1,6,2.254447579,4259,0,35,0,100
2,7,0,107,1,2,0.995727452,1971,2,54,0,100
1,1,0,10,1,1,0,230,0,11,0,100
157,598,0,108,1,60,6.355159396,53681,85,3598,16,100
548,690,0,109,1,78,7.829641153,106113,2,65,2,99.9733191
1,2,0,44,1,1,0,344,55,1539,26,100
6,121,2,48,1,4,2.206616272,748,7,407,7,99.8401279
1,1,0,85,1,1,0,1219,0,12,0,100
10,1,0,86,1,6,NaN,2848,13,440,9,100
6,37,0,87,1,6,1.869557962,4043,63,5613,39,100
2,7,0,88,1,2,0.591672779,1935,316,11374,123,100
41,5112,40,28,1,7,5.280279968,1972,762,38876,449,89.33823529
5,720,1,89,1,5,0.546514543,1712,415,11494,207,99.90952955
25,1,0,45,1,16,4.278604499,9308,2,144,0,100
13,20,4,90,1,6,3.191020235,5616,2,5,1,92.23268325
0,0,0,0,0,0,0,0,0,0,0,100
0,0,0,0,0,0,0,0,0,0,0,100
3,75,0,93,1,2,1.580649601,1096,21,1270,11,99.96194825
2,57,0,5,1,2,0.505919244,222,9,398,1,99.92383854
1,26,0,6,1,1,0,182,3,97,1,100
1,245,0,31,1,1,0,760,23,978,4,100
1,2,0,32,1,1,0,515,0,8,0,100
2,184,2,1,1,2,0.932111568,0,3,1056,3,98.80463205
1,0,0,2,1,1,0,120,0,0,0,100
0,0,0,0,0,0,0,0,0,0,0,100
2,7,0,3,1,2,0.997059057,184,0,0,0,100
1,2,0,4,1,1,0,112,3,3,0,100
1,3,0,13,1,1,0,99,3,35,0,100
0,0,0,0,0,0,0,0,0,0,0,100
9,3985,6,23,1,4,1.805818985,3893,735,21839,319,99.3797884
22,17,0,94,1,13,3.588312035,5392,6,170,2,95.83492549
2,9,0,110,1,1,0.980597441,2842,1,9,1,100
2,0,0,106,1,2,0.811278124,2058,0,0,0,100
0,0,0,0,0,0,0,0,0,0,0,100
4,121,1,33,1,2,1.015676375,431,47,1865,24,99.91941982
0,0,0,0,0,0,0,0,0,0,0,100
0,0,0,0,0,0,0,0,0,0,0,100
6,30,0,111,1,3,1.338489189,6581,3,242,0,100
1,0,0,45,1,1,0,346,0,2,0,100
1,0,0,46,1,1,0,346,0,6,0,100
1,0,0,47,1,1,0,346,0,0,0,100
0,0,0,0,0,0,0,0,0,0,0,100
0,0,0,0,0,0,0,0,0,0,0,100
0,0,0,0,0,0,0,0,0,0,0,100
0,0,0,0,0,0,0,0,0,0,0,100
0,0,0,0,0,0,0,0,0,0,0,100
0,0,0,0,0,0,0,0,0,0,0,100
0,0,0,0,0,0,0,0,0,0,0,100
0,0,0,0,0,0,0,0,0,0,0,100
0,0,0,0,0,0,0,0,0,0,0,100
0,0,0,0,0,0,0,0,0,0,0,100
0,0,0,0,0,0,0,0,0,0,0,100
3,57,0,95,1,2,1.251518814,2211,5,415,3,100
6,390,1,41,1,4,1.576827249,2185,59,1914,17,99.91954948
3,14,0,112,1,2,0.66324221,2980,1,167,2,100
1,34,0,3,1,1,0,689,1,211,1,100
1,7,0,4,1,1,0,723,0,0,0,100
7,45,0,113,1,4,1.179602616,4601,0,3,0,100
18,342,3,111,1,8,2.947284413,12524,154,4552,59,99.59871589
7,490,1,113,1,4,1.591890018,4156,59,2295,16,99.91993595
0,0,0,0,0,0,0,0,0,0,0,100
0,0,0,0,0,0,0,0,0,0,0,100
0,0,0,0,0,0,0,0,0,0,0,100
0,0,0,0,0,0,0,0,0,0,0,100
0,0,0,0,0,0,0,0,0,0,0,100
4,3,0,56,1,3,1.466609395,1739,0,15,0,99.59935897
0,0,0,0,0,0,0,0,0,0,0,100
0,0,0,0,0,0,0,0,0,0,0,100
0,0,0,0,0,0,0,0,0,0,0,100
2,15,0,114,1,2,0.522559375,2897,90,7655,75,100
0,0,0,0,0,0,0,0,0,0,0,100
0,0,0,0,0,0,0,0,0,0,0,100
0,0,0,0,0,0,0,0,0,0,0,100
0,0,0,0,0,0,0,0,0,0,0,100
4,34,1,38,1,4,1.241524204,1313,1,90,1,99.91980754
2,21,0,111,1,2,0.195909271,2203,265,6154,86,100
0,0,0,0,0,0,0,0,0,0,0,100
0,0,0,0,0,0,0,0,0,0,0,100
1,39,1,1,1,1,0,0,2,114,1,99.94840041
0,0,0,0,0,0,0,0,0,0,0,100
0,0,0,0,0,0,0,0,0,0,0,100
0,0,0,0,0,0,0,0,0,0,0,100
0,0,0,0,0,0,0,0,0,0,0,100
1,93,1,1,1,1,0,0,11,443,11,99.94845361
0,0,0,0,0,0,0,0,0,0,0,100
10,533,4,26,1,6,2.719423044,566,68,4098,43,99.71736896
0,0,0,0,0,0,0,0,0,0,0,100
0,0,0,0,0,0,0,0,0,0,0,100
0,0,0,0,0,0,0,0,0,0,0,100
0,0,0,0,0,0,0,0,0,0,0,100
0,0,0,0,0,0,0,0,0,0,0,100
0,0,0,0,0,0,0,0,0,0,0,100
0,0,0,0,0,0,0,0,0,0,0,100
4,50,1,105,1,4,1.280606313,1665,3,166,2,99.89756722
0,0,0,0,0,0,0,0,0,0,0,100
0,0,0,0,0,0,0,0,0,0,0,100
5,83,1,131,1,3,1.653577775,2604,493,11503,210,99.82097187
0,0,0,0,0,0,0,0,0,0,0,100
0,0,0,0,0,0,0,0,0,0,0,100
0,0,0,0,0,0,0,0,0,0,0,100
0,0,0,0,0,0,0,0,0,0,0,100
0,0,0,0,0,0,0,0,0,0,0,100
0,0,0,0,0,0,0,0,0,0,0,100
7,0,0,44,1,2,2.807354922,3685,0,21,0,100
0,0,0,0,0,0,0,0,0,0,0,100
0,0,0,0,0,0,0,0,0,0,0,100
0,0,0,0,0,0,0,0,0,0,0,100
0,0,0,0,0,0,0,0,0,0,0,100
0,0,0,0,0,0,0,0,0,0,0,100
0,0,0,0,0,0,0,0,0,0,0,100
0,0,0,0,0,0,0,0,0,0,0,100
0,0,0,0,0,0,0,0,0,0,0,100
0,0,0,0,0,0,0,0,0,0,0,100
0,0,0,0,0,0,0,0,0,0,0,100
0,0,0,0,0,0,0,0,0,0,0,100
0,0,0,0,0,0,0,0,0,0,0,100
0,0,0,0,0,0,0,0,0,0,0,100
0,0,0,0,0,0,0,0,0,0,0,100
0,0,0,0,0,0,0,0,0,0,0,100
0,0,0,0,0,0,0,0,0,0,0,100
0,0,0,0,0,0,0,0,0,0,0,100
0,0,0,0,0,0,0,0,0,0,0,100
0,0,0,0,0,0,0,0,0,0,0,100
4,0,0,19,1,4,2,953,0,0,0,100
6,25,0,19,1,1,2.473790681,843,0,6,0,100
2,11,0,112,1,2,0.485460761,2224,1,39,0,100
1,4,0,132,1,1,0,2059,0,22,0,100
1,1,0,27,1,1,0,181,0,2,0,100
0,0,0,0,0,0,0,0,0,0,0,100
0,0,0,0,0,0,0,0,0,0,0,100
0,0,0,0,0,0,0,0,0,0,0,100
0,0,0,0,0,0,0,0,0,0,0,100
0,0,0,0,0,0,0,0,0,0,0,100
0,0,0,0,0,0,0,0,0,0,0,100
0,0,0,0,0,0,0,0,0,0,0,100
0,0,0,0,0,0,0,0,0,0,0,100
0,0,0,0,0,0,0,0,0,0,0,100
0,0,0,0,0,0,0,0,0,0,0,100
0,0,0,0,0,0,0,0,0,0,0,100
0,0,0,0,0,0,0,0,0,0,0,100
0,0,0,0,0,0,0,0,0,0,0,100
0,0,0,0,0,0,0,0,0,0,0,100
0,0,0,0,0,0,0,0,0,0,0,100
0,0,0,0,0,0,0,0,0,0,0,100
0,0,0,0,0,0,0,0,0,0,0,100
0,0,0,0,0,0,0,0,0,0,0,100
0,0,0,0,0,0,0,0,0,0,0,100
0,0,0,0,0,0,0,0,0,0,0,100
0,0,0,0,0,0,0,0,0,0,0,100
0,0,0,0,0,0,0,0,0,0,0,100
0,0,0,0,0,0,0,0,0,0,0,100
0,0,0,0,0,0,0,0,0,0,0,100
0,0,0,0,0,0,0,0,0,0,0,100
0,0,0,0,0,0,0,0,0,0,0,100
0,0,0,0,0,0,0,0,0,0,0,100
0,0,0,0,0,0,0,0,0,0,0,100
0,0,0,0,0,0,0,0,0,0,0,100
0,0,0,0,0,0,0,0,0,0,0,100
0,0,0,0,0,0,0,0,0,0,0,100
0,0,0,0,0,0,0,0,0,0,0,100
0,0,0,0,0,0,0,0,0,0,0,100
0,0,0,0,0,0,0,0,0,0,0,100
0,0,0,0,0,0,0,0,0,0,0,100
0,0,0,0,0,0,0,0,0,0,0,100
0,0,0,0,0,0,0,0,0,0,0,100
0,0,0,0,0,0,0,0,0,0,0,100
0,0,0,0,0,0,0,0,0,0,0,100
0,0,0,0,0,0,0,0,0,0,0,100
0,0,0,0,0,0,0,0,0,0,0,100
0,0,0,0,0,0,0,0,0,0,0,100
0,0,0,0,0,0,0,0,0,0,0,100
0,0,0,0,0,0,0,0,0,0,0,100
0,0,0,0,0,0,0,0,0,0,0,100
0,0,0,0,0,0,0,0,0,0,0,100
0,0,0,0,0,0,0,0,0,0,0,100
0,0,0,0,0,0,0,0,0,0,0,100
0,0,0,0,0,0,0,0,0,0,0,100
0,0,0,0,0,0,0,0,0,0,0,100
0,0,0,0,0,0,0,0,0,0,0,100
0,0,0,0,0,0,0,0,0,0,0,100
0,0,0,0,0,0,0,0,0,0,0,100
0,0,0,0,0,0,0,0,0,0,0,100
0,0,0,0,0,0,0,0,0,0,0,100
0,0,0,0,0,0,0,0,0,0,0,100
0,0,0,0,0,0,0,0,0,0,0,100
0,0,0,0,0,0,0,0,0,0,0,100
0,0,0,0,0,0,0,0,0,0,0,100
0,0,0,0,0,0,0,0,0,0,0,100
0,0,0,0,0,0,0,0,0,0,0,100
0,0,0,0,0,0,0,0,0,0,0,100
0,0,0,0,0,0,0,0,0,0,0,100
3,43,0,113,1,3,0.821498557,2786,5,207,3,100
0,0,0,0,0,0,0,0,0,0,0,100
0,0,0,0,0,0,0,0,0,0,0,100
0,0,0,0,0,0,0,0,0,0,0,100
0,0,0,0,0,0,0,0,0,0,0,100
0,0,0,0,0,0,0,0,0,0,0,100
0,0,0,0,0,0,0,0,0,0,0,100
0,0,0,0,0,0,0,0,0,0,0,100
0,0,0,0,0,0,0,0,0,0,0,100
0,0,0,0,0,0,0,0,0,0,0,100
0,0,0,0,0,0,0,0,0,0,0,100
0,0,0,0,0,0,0,0,0,0,0,100
0,0,0,0,0,0,0,0,0,0,0,100
0,0,0,0,0,0,0,0,0,0,0,100
0,0,0,0,0,0,0,0,0,0,0,100
0,0,0,0,0,0,0,0,0,0,0,100
0,0,0,0,0,0,0,0,0,0,0,100
0,0,0,0,0,0,0,0,0,0,0,100
0,0,0,0,0,0,0,0,0,0,0,100
0,0,0,0,0,0,0,0,0,0,0,100
0,0,0,0,0,0,0,0,0,0,0,100
0,0,0,0,0,0,0,0,0,0,0,100
0,0,0,0,0,0,0,0,0,0,0,100
0,0,0,0,0,0,0,0,0,0,0,100
0,0,0,0,0,0,0,0,0,0,0,100
0,0,0,0,0,0,0,0,0,0,0,100
4,31,0,22,1,3,1.834567814,1663,30,4997,26,95.61177078
0,0,0,0,0,0,0,0,0,0,0,100
0,0,0,0,0,0,0,0,0,0,0,100
0,0,0,0,0,0,0,0,0,0,0,100
0,0,0,0,0,0,0,0,0,0,0,100
2,11,0,23,1,2,0.450066658,349,11,286,6,100
0,0,0,0,0,0,0,0,0,0,0,100
1,0,0,114,1,1,0,1326,0,0,0,100
0,0,0,0,0,0,0,0,0,0,0,100
0,0,0,0,0,0,0,0,0,0,0,100
8,235,1,106,1,4,1.122372574,3775,42,1035,21,99.94788953
0,0,0,0,0,0,0,0,0,0,0,100
0,0,0,0,0,0,0,0,0,0,0,100
0,0,0,0,0,0,0,0,0,0,0,100
2,14,0,28,1,2,0.391243564,277,36,1307,9,98.09474768
2,5,0,133,1,2,0.863120569,2427,40,2902,39,100
18,921,13,71,1,6,3.845980073,1469,86,4142,40,99.21657822
2,2,0,29,1,2,0.881290899,291,0,22,0,100
0,0,0,0,0,0,0,0,0,0,0,100
0,0,0,0,0,0,0,0,0,0,0,100
0,0,0,0,0,0,0,0,0,0,0,100
0,0,0,0,0,0,0,0,0,0,0,100
0,0,0,0,0,0,0,0,0,0,0,100
0,0,0,0,0,0,0,0,0,0,0,100
0,0,0,0,0,0,0,0,0,0,0,100
0,0,0,0,0,0,0,0,0,0,0,100
0,0,0,0,0,0,0,0,0,0,0,100
0,0,0,0,0,0,0,0,0,0,0,100
0,0,0,0,0,0,0,0,0,0,0,100
0,0,0,0,0,0,0,0,0,0,0,100
0,0,0,0,0,0,0,0,0,0,0,100
0,0,0,0,0,0,0,0,0,0,0,100
0,0,0,0,0,0,0,0,0,0,0,100
0,0,0,0,0,0,0,0,0,0,0,100
0,0,0,0,0,0,0,0,0,0,0,100
0,0,0,0,0,0,0,0,0,0,0,100
0,0,0,0,0,0,0,0,0,0,0,100
0,0,0,0,0,0,0,0,0,0,0,100
0,0,0,0,0,0,0,0,0,0,0,100
0,0,0,0,0,0,0,0,0,0,0,100
0,0,0,0,0,0,0,0,0,0,0,100
0,0,0,0,0,0,0,0,0,0,0,100
0,0,0,0,0,0,0,0,0,0,0,100
0,0,0,0,0,0,0,0,0,0,0,100
0,0,0,0,0,0,0,0,0,0,0,100
0,0,0,0,0,0,0,0,0,0,0,100
0,0,0,0,0,0,0,0,0,0,0,100
1,15,0,21,1,1,0,844,47,9937,44,100
0,0,0,0,0,0,0,0,0,0,0,100
0,0,0,0,0,0,0,0,0,0,0,100
0,0,0,0,0,0,0,0,0,0,0,100
0,0,0,0,0,0,0,0,0,0,0,100
0,0,0,0,0,0,0,0,0,0,0,100
0,0,0,0,0,0,0,0,0,0,0,100
0,0,0,0,0,0,0,0,0,0,0,100
0,0,0,0,0,0,0,0,0,0,0,100
0,0,0,0,0,0,0,0,0,0,0,100
0,0,0,0,0,0,0,0,0,0,0,100
2,17,0,49,1,2,0.485460761,697,3,418,3,99.97491219
0,0,0,0,0,0,0,0,0,0,0,100
0,0,0,0,0,0,0,0,0,0,0,100
0,0,0,0,0,0,0,0,0,0,0,100
0,0,0,0,0,0,0,0,0,0,0,100
0,0,0,0,0,0,0,0,0,0,0,100
0,0,0,0,0,0,0,0,0,0,0,100
3,62,1,21,1,2,1.559379646,764,85,1961,46,99.84943538
0,0,0,0,0,0,0,0,0,0,0,100
0,0,0,0,0,0,0,0,0,0,0,100
0,0,0,0,0,0,0,0,0,0,0,100
0,0,0,0,0,0,0,0,0,0,0,100
0,0,0,0,0,0,0,0,0,0,0,100
0,0,0,0,0,0,0,0,0,0,0,100
0,0,0,0,0,0,0,0,0,0,0,100
0,0,0,0,0,0,0,0,0,0,0,100
0,0,0,0,0,0,0,0,0,0,0,100
0,0,0,0,0,0,0,0,0,0,0,100
0,0,0,0,0,0,0,0,0,0,0,100
0,0,0,0,0,0,0,0,0,0,0,100
0,0,0,0,0,0,0,0,0,0,0,100
0,0,0,0,0,0,0,0,0,0,0,100
0,0,0,0,0,0,0,0,0,0,0,100
0,0,0,0,0,0,0,0,0,0,0,100
0,0,0,0,0,0,0,0,0,0,0,100
0,0,0,0,0,0,0,0,0,0,0,100
1,1,0,50,1,1,0,646,1,8,0,100
0,0,0,0,0,0,0,0,0,0,0,100
0,0,0,0,0,0,0,0,0,0,0,100
0,0,0,0,0,0,0,0,0,0,0,100
0,0,0,0,0,0,0,0,0,0,0,100
0,0,0,0,0,0,0,0,0,0,0,100
0,0,0,0,0,0,0,0,0,0,0,100
0,0,0,0,0,0,0,0,0,0,0,100
0,0,0,0,0,0,0,0,0,0,0,100
0,0,0,0,0,0,0,0,0,0,0,100
0,0,0,0,0,0,0,0,0,0,0,100
0,0,0,0,0,0,0,0,0,0,0,100
0,0,0,0,0,0,0,0,0,0,0,100
0,0,0,0,0,0,0,0,0,0,0,100
0,0,0,0,0,0,0,0,0,0,0,100
0,0,0,0,0,0,0,0,0,0,0,100
0,0,0,0,0,0,0,0,0,0,0,100
0,0,0,0,0,0,0,0,0,0,0,100
0,0,0,0,0,0,0,0,0,0,0,100
0,0,0,0,0,0,0,0,0,0,0,100
0,0,0,0,0,0,0,0,0,0,0,100
0,0,0,0,0,0,0,0,0,0,0,100
0,0,0,0,0,0,0,0,0,0,0,100
0,0,0,0,0,0,0,0,0,0,0,100
0,0,0,0,0,0,0,0,0,0,0,100
0,0,0,0,0,0,0,0,0,0,0,100
0,0,0,0,0,0,0,0,0,0,0,100
0,0,0,0,0,0,0,0,0,0,0,100
0,0,0,0,0,0,0,0,0,0,0,100
0,0,0,0,0,0,0,0,0,0,0,100
0,0,0,0,0,0,0,0,0,0,0,100
0,0,0,0,0,0,0,0,0,0,0,100
0,0,0,0,0,0,0,0,0,0,0,100
0,0,0,0,0,0,0,0,0,0,0,100
0,0,0,0,0,0,0,0,0,0,0,100
0,0,0,0,0,0,0,0,0,0,0,100
0,0,0,0,0,0,0,0,0,0,0,100
0,0,0,0,0,0,0,0,0,0,0,100
0,0,0,0,0,0,0,0,0,0,0,100
3,17,0,36,1,1,1.125682832,970,42,1349,19,100
0,0,0,0,0,0,0,0,0,0,0,100
0,0,0,0,0,0,0,0,0,0,0,100
0,0,0,0,0,0,0,0,0,0,0,100
0,0,0,0,0,0,0,0,0,0,0,100
0,0,0,0,0,0,0,0,0,0,0,100
0,0,0,0,0,0,0,0,0,0,0,100
0,0,0,0,0,0,0,0,0,0,0,100
0,0,0,0,0,0,0,0,0,0,0,100
2,129,2,1,1,1,0.999956652,0,4,643,4,99.79944848
0,0,0,0,0,0,0,0,0,0,0,100
0,0,0,0,0,0,0,0,0,0,0,100
0,0,0,0,0,0,0,0,0,0,0,100
0,0,0,0,0,0,0,0,0,0,0,100
0,0,0,0,0,0,0,0,0,0,0,100
0,0,0,0,0,0,0,0,0,0,0,100
0,0,0,0,0,0,0,0,0,0,0,100
0,0,0,0,0,0,0,0,0,0,0,100
0,0,0,0,0,0,0,0,0,0,0,100
0,0,0,0,0,0,0,0,0,0,0,100
0,0,0,0,0,0,0,0,0,0,0,100
0,0,0,0,0,0,0,0,0,0,0,100
0,0,0,0,0,0,0,0,0,0,0,100
0,0,0,0,0,0,0,0,0,0,0,100
0,0,0,0,0,0,0,0,0,0,0,100
0,0,0,0,0,0,0,0,0,0,0,100
0,0,0,0,0,0,0,0,0,0,0,100
0,0,0,0,0,0,0,0,0,0,0,100
0,0,0,0,0,0,0,0,0,0,0,100
0,0,0,0,0,0,0,0,0,0,0,100
0,0,0,0,0,0,0,0,0,0,0,100
0,0,0,0,0,0,0,0,0,0,0,100
0,0,0,0,0,0,0,0,0,0,0,100
0,0,0,0,0,0,0,0,0,0,0,100
0,0,0,0,0,0,0,0,0,0,0,100
0,0,0,0,0,0,0,0,0,0,0,100
0,0,0,0,0,0,0,0,0,0,0,100
0,0,0,0,0,0,0,0,0,0,0,100
0,0,0,0,0,0,0,0,0,0,0,100
0,0,0,0,0,0,0,0,0,0,0,100
0,0,0,0,0,0,0,0,0,0,0,100
2,3,0,107,1,2,0.970950594,1606,235,6788,59,100
0,0,0,0,0,0,0,0,0,0,0,100
0,0,0,0,0,0,0,0,0,0,0,100
1,0,0,2,1,1,0,50,0,0,0,100
0,0,0,0,0,0,0,0,0,0,0,100
0,0,0,0,0,0,0,0,0,0,0,100
0,0,0,0,0,0,0,0,0,0,0,100
0,0,0,0,0,0,0,0,0,0,0,100
0,0,0,0,0,0,0,0,0,0,0,100
0,0,0,0,0,0,0,0,0,0,0,100
0,0,0,0,0,0,0,0,0,0,0,100
2,53,0,134,1,2,0.997852777,2432,46,3178,42,100
0,0,0,0,0,0,0,0,0,0,0,100
0,0,0,0,0,0,0,0,0,0,0,100
0,0,0,0,0,0,0,0,0,0,0,100
0,0,0,0,0,0,0,0,0,0,0,100
0,0,0,0,0,0,0,0,0,0,0,100
0,0,0,0,0,0,0,0,0,0,0,100
0,0,0,0,0,0,0,0,0,0,0,100
0,0,0,0,0,0,0,0,0,0,0,100
0,0,0,0,0,0,0,0,0,0,0,100
0,0,0,0,0,0,0,0,0,0,0,100
0,0,0,0,0,0,0,0,0,0,0,100
0,0,0,0,0,0,0,0,0,0,0,100
0,0,0,0,0,0,0,0,0,0,0,100
0,0,0,0,0,0,0,0,0,0,0,100
0,0,0,0,0,0,0,0,0,0,0,100
0,0,0,0,0,0,0,0,0,0,0,100
1,13,0,13,1,1,0,113,2,66,1,100
0,0,0,0,0,0,0,0,0,0,0,100
0,0,0,0,0,0,0,0,0,0,0,100
2,174,1,78,1,2,0.995252549,626,24,886,14,94.19424851
0,0,0,0,0,0,0,0,0,0,0,100
0,0,0,0,0,0,0,0,0,0,0,100
11,209,0,45,1,4,1.625282754,3883,572,20475,336,100
0,0,0,0,0,0,0,0,0,0,0,100
0,0,0,0,0,0,0,0,0,0,0,100
0,0,0,0,0,0,0,0,0,0,0,100
0,0,0,0,0,0,0,0,0,0,0,100
0,0,0,0,0,0,0,0,0,0,0,100
0,0,0,0,0,0,0,0,0,0,0,100
0,0,0,0,0,0,0,0,0,0,0,100
0,0,0,0,0,0,0,0,0,0,0,100
0,0,0,0,0,0,0,0,0,0,0,100
0,0,0,0,0,0,0,0,0,0,0,100
0,0,0,0,0,0,0,0,0,0,0,100
0,0,0,0,0,0,0,0,0,0,0,100
3,3,0,53,1,2,1.365873152,868,1,56,1,100
1,0,0,15,1,1,0,244,0,0,0,100
0,0,0,0,0,0,0,0,0,0,0,100
0,0,0,0,0,0,0,0,0,0,0,100
0,0,0,0,0,0,0,0,0,0,0,100
0,0,0,0,0,0,0,0,0,0,0,100
0,0,0,0,0,0,0,0,0,0,0,100
0,0,0,0,0,0,0,0,0,0,0,100
1,0,0,12,1,1,0,393,1,4,0,100
0,0,0,0,0,0,0,0,0,0,0,100
0,0,0,0,0,0,0,0,0,0,0,100
0,0,0,0,0,0,0,0,0,0,0,100
0,0,0,0,0,0,0,0,0,0,0,100
0,0,0,0,0,0,0,0,0,0,0,100
0,0,0,0,0,0,0,0,0,0,0,100
