CommitID,NMF, TotalAddLines , TotalDeleteLines ,LC,LC_1, FileAdd , FileDelete ,NAD, NUC, AGE, NMS, NMD, Entropy ,MLMF,NDVE,EXP,REXP,CommitComplexity,LastCommitComplexity,CFC,CommitTokenCount,LastCommitTokenCount,NCC,CommitMethodNum,LastCommitMethodNum,NFC,NIR,a2a,Tag
101e30305eecdd97a21dff14a6a9de5cda6d617e,0,0,0,0,0,0,0,0,0,0,0,0,0.0,0,0,14,14,0,0,0,0,0,0,0,0,0,1,100.0,NoArch
60d75c554ccbc72b8a60c5759f0175ae07e8254a,0,0,0,0,0,0,0,0,0,0,0,0,0.0,0,0,62,6,0,0,0,0,0,0,0,0,0,1,100.0,NoArch
e0966a1ec55a6ca45baf5d3f53ad6b0e7a049452,2,12,6,6,18,0,0,0,64,1389,1,2,0.99107606,1134,2,14,1,303,298,5,7227,7173,54,90,90,0,1,100.0,NoArch
7472d98289bcb9776339ad253285a6f6dfa939cf,3,14,0,14,14,0,0,0,19,268,1,3,0.734529921,887,4,66,8,84,84,0,3931,3866,65,61,61,0,1,100.0,NoArch
ade55151d2afbf18dabeea8f36844051b95febf9,318,3037,3037,0,6074,0,0,0,88,3243,2,60,7.256039695,73665,2,5,5,9832,9832,0,381164,381164,0,4997,4997,0,1,100.0,NoArch
224f75f64982fa65c56039e4c413b5d9c138800b,1,8,8,0,16,0,0,0,3,1352,1,1,0.0,145,3,1,1,26,26,0,694,689,5,17,17,0,1,100.0,NoArch
563e79d0f2d64b64d5407f1c3b8b579b91f6446d,0,0,0,0,0,0,0,0,0,0,0,0,0.0,0,0,25,11,0,0,0,0,0,0,0,0,0,1,100.0,NoArch
b2f4790ab20537907d9bc29050e9eb31f711f671,1,15,14,1,29,0,0,0,85,6,1,1,0.0,1219,17,38,0,253,253,0,5655,5643,12,84,84,0,0,100.0,NoArch
57c9811a1695761d3e0f224b7e89e8174d927e43,4,56,19,37,75,0,0,0,23,1382,1,1,1.25704865,1267,4,300,4,226,216,10,6169,5982,187,77,67,10,1,100.0,NoArch
fa46c9794767d512522824948f3c792dd634b828,2,40,2,38,42,0,0,0,2,0,1,2,0.453716339,431,1,54,4,32,17,15,2598,631,1967,20,8,12,1,100.0,NoArch
3a8c8c9e7033fa1260046f63ac39411a6cd66ffe,0,0,0,0,0,0,0,0,0,0,0,0,0.0,0,0,142,5,0,0,0,0,0,0,0,0,0,0,100.0,NoArch
c42c40f728c338b4c144c5cbd431e0513dabf7fe,0,0,0,0,0,0,0,0,0,0,0,0,0.0,0,0,72,4,0,0,0,0,0,0,0,0,0,1,100.0,NoArch
af766fa76c2d7ee35b60c2256230a158b11bca53,0,0,0,0,0,0,0,0,0,0,0,0,0.0,0,0,159,3,0,0,0,0,0,0,0,0,0,0,100.0,NoArch
027d196fd3f6f990977a4e86c1c07464506cabc3,2,75,2,73,77,0,0,0,4,82,1,2,0.964547659,396,4,0,0,42,20,22,2657,595,2062,40,20,20,1,99.92125984,NoArch
2e5acf3e5fd1e6c0f193bea0c2234c09a848f17a,5,662,7,655,669,1,0,1,73,816,1,3,1.065416408,2205,1,0,0,659,569,90,18291,14290,4001,215,163,52,1,99.03258656,NoArch
64664a630cb0674f145a1b8f4ef132b83bde9523,0,0,0,0,0,0,0,0,0,0,0,0,0.0,0,0,71,2,0,0,0,0,0,0,0,0,0,1,100.0,NoArch
d2ff5e6ed926233fd0626537e333e87744e181a4,0,0,0,0,0,0,0,0,0,0,0,0,0.0,0,0,43,11,0,0,0,0,0,0,0,0,0,1,100.0,NoArch
24673177ca18128f1c5dd137e5968ae4e8359e7f,0,0,0,0,0,0,0,0,0,0,0,0,0.0,0,0,58,2,0,0,0,0,0,0,0,0,0,1,100.0,NoArch
8565f52b5594659e5c3f7b4b1a50ff7baaeafbbb,0,0,0,0,0,0,0,0,0,0,0,0,0.0,0,0,335,28,0,0,0,0,0,0,0,0,0,0,100.0,NoArch
724d85bcaa8a71f63d2bf99dcecb6722e23c1f9d,0,0,0,0,0,0,0,0,0,0,0,0,0.0,0,0,44,4,0,0,0,0,0,0,0,0,0,1,100.0,NoArch
c3a488cb1808f0de86f4f0ab27acbc26095c6f09,0,0,0,0,0,0,0,0,0,0,0,0,0.0,0,0,58,23,0,0,0,0,0,0,0,0,0,0,100.0,NoArch
a3957200a86a4582c6622738caacd153f0ad7882,0,0,0,0,0,0,0,0,0,0,0,0,0.0,0,0,6,0,0,0,0,0,0,0,0,0,0,1,100.0,NoArch
ba848e21ab275d81b7f33bbcf124efe7f67822bc,0,0,0,0,0,0,0,0,0,0,0,0,0.0,0,0,58,8,0,0,0,0,0,0,0,0,0,1,100.0,NoArch
34174efd237c8aabdcf8b546d9b1b2bd1e16b01e,5,292,17,275,309,1,0,1,61,48,1,5,1.392842022,1909,1,471,2,413,396,17,12244,10702,1542,164,154,10,1,99.92821249,NoArch
8570a93e1f6ebc14bc3c78692256122b9ba2c1ea,0,0,0,0,0,0,0,0,0,0,0,0,0.0,0,0,55,19,0,0,0,0,0,0,0,0,0,0,100.0,NoArch
7be037b56f722005ea568b5b19766538434bc1c0,0,0,0,0,0,0,0,0,0,0,0,0,0.0,0,0,409,5,0,0,0,0,0,0,0,0,0,1,100.0,NoArch
782a9505e82028be7a087ac269e0a30c32ee3258,0,0,0,0,0,0,0,0,0,0,0,0,0.0,0,0,0,0,0,0,0,0,0,0,0,0,0,1,100.0,NoArch
a2e37ae187c8edd29f2a7db69f4bac4229b42cf9,0,0,0,0,0,0,0,0,0,0,0,0,0.0,0,0,9,2,0,0,0,0,0,0,0,0,0,1,100.0,NoArch
9101a42badd32f0540caa28e27ca053a36e936e3,0,0,0,0,0,0,0,0,0,0,0,0,0.0,0,0,1,1,0,0,0,0,0,0,0,0,0,1,100.0,NoArch
1167caf735140964f5dcba441b76d99e7c9ceed1,2,26,2,24,28,0,0,0,11,0,1,2,0.591672779,585,2,20,10,102,102,0,3081,2929,152,15,15,0,1,100.0,NoArch
ae3b78f7df9acf255c1534599c697106cf0c5e6d,0,0,0,0,0,0,0,0,0,0,0,0,0.0,0,0,46,5,0,0,0,0,0,0,0,0,0,1,100.0,NoArch
2bb7eb3a42b98f846936b4d9bc1e4345f6de6e5b,0,0,0,0,0,0,0,0,0,0,0,0,0.0,0,0,2,1,0,0,0,0,0,0,0,0,0,1,100.0,NoArch
3eb8a8c93c9388d1bd79b2297118a1d381bde51d,0,0,0,0,0,0,0,0,0,0,0,0,0.0,0,0,3,1,0,0,0,0,0,0,0,0,0,0,100.0,NoArch
094c95b0a7ce084a1dd97776bc67d0f84786af08,0,0,0,0,0,0,0,0,0,0,0,0,0.0,0,0,310,8,0,0,0,0,0,0,0,0,0,1,100.0,NoArch
a02495613d514e984ff486f334890099b1c922e7,0,0,0,0,0,0,0,0,0,0,0,0,0.0,0,0,31,8,0,0,0,0,0,0,0,0,0,1,100.0,NoArch
dcc63f9cc15339a4b7f0b7835e77d8474d6b2f71,0,0,0,0,0,0,0,0,0,0,0,0,0.0,0,0,22,13,0,0,0,0,0,0,0,0,0,0,100.0,NoArch
aa3e9607963bb35f9067d3539b8881fe154c14cb,0,0,0,0,0,0,0,0,0,0,0,0,0.0,0,0,4,4,0,0,0,0,0,0,0,0,0,1,100.0,NoArch
ef98bc694cf05c0121f7433b95f1dfa369c1d17d,0,0,0,0,0,0,0,0,0,0,0,0,0.0,0,0,32,0,0,0,0,0,0,0,0,0,0,3,100.0,NoArch
4cd90d08a97d3d9dbc74113efd6df142aa749a3d,0,0,0,0,0,0,0,0,0,0,0,0,0.0,0,0,7,7,0,0,0,0,0,0,0,0,0,1,100.0,NoArch
86fa1ce37647ccc27cf85365ace50aa593073394,3,19,24,5,43,0,0,0,8,557,1,2,1.21132135,394,2,40,1,34,33,1,2091,2091,0,12,12,0,1,100.0,NoArch
5c7076df6a213fb62838a246fa061a34d24858fa,0,0,0,0,0,0,0,0,0,0,0,0,0.0,0,0,28,0,0,0,0,0,0,0,0,0,0,1,100.0,NoArch
e65411f5cce2d58588fbb96a366560f6e6803dab,4,14,14,0,28,0,0,0,35,864,1,4,1.724407818,1476,10,26,6,201,201,0,8682,8723,41,108,108,0,1,100.0,NoArch
e970ad393094f498242631a92b7cd7dc9c17cd06,0,0,0,0,0,0,0,0,0,0,0,0,0.0,0,0,23,13,0,0,0,0,0,0,0,0,0,0,100.0,NoArch
7fcd5eb3382f13e4100a424dce43079ed9c7e07e,0,0,0,0,0,0,0,0,0,0,0,0,0.0,0,0,9,0,0,0,0,0,0,0,0,0,0,1,100.0,NoArch
3ee93cf65787d59a7bd718af39cf16b85af25022,0,0,0,0,0,0,0,0,0,0,0,0,0.0,0,0,165,2,0,0,0,0,0,0,0,0,0,0,100.0,NoArch
da1b0c2849fbbbece47a547d6011343bd4e3dc4b,0,0,0,0,0,0,0,0,0,0,0,0,0.0,0,0,127,2,0,0,0,0,0,0,0,0,0,0,100.0,NoArch
d9f748e1469e5a37f1369270722f8b0d12376264,0,0,0,0,0,0,0,0,0,0,0,0,0.0,0,0,442,3,0,0,0,0,0,0,0,0,0,0,100.0,NoArch
4416e27faed9ddfab1f3703d830c19f9c7819f2a,0,0,0,0,0,0,0,0,0,0,0,0,0.0,0,0,9,9,0,0,0,0,0,0,0,0,0,1,100.0,NoArch
474cd6bb4632dc0bec91e9f4ec2707673cf96890,0,0,0,0,0,0,0,0,0,0,0,0,0.0,0,0,6,6,0,0,0,0,0,0,0,0,0,1,100.0,NoArch
561671b051f565418d4989a1bbed357c8e9a3871,0,0,0,0,0,0,0,0,0,0,0,0,0.0,0,0,67,1,0,0,0,0,0,0,0,0,0,0,100.0,NoArch
fbc0ac7c6c17e991e1dd6c3079df84efcbf3c0e7,0,0,0,0,0,0,0,0,0,0,0,0,0.0,0,0,12,9,0,0,0,0,0,0,0,0,0,1,100.0,NoArch
d695a50ae56398b7daeac40f9a0bbbd605b68731,1,6,4,2,10,0,0,0,7,66,1,1,0.0,335,5,1,0,12,12,0,2225,2179,46,10,10,0,1,100.0,NoArch
53aca6d7e502e83f1c38e8926ae671b026bd3872,2,77,40,37,117,0,0,0,41,282,1,2,0.421166015,1703,3,297,4,338,329,9,10703,10376,327,193,189,4,1,100.0,NoArch
37f4c480cdfb3367f5482cf07ccd099d1d7a59ab,0,0,0,0,0,0,0,0,0,0,0,0,0.0,0,0,37,9,0,0,0,0,0,0,0,0,0,1,100.0,NoArch
c5fe80507610fcf24e53516365cd7c2efb2291dd,0,0,0,0,0,0,0,0,0,0,0,0,0.0,0,0,38,5,0,0,0,0,0,0,0,0,0,1,100.0,NoArch
8b173f0e65b83415ac4d6b6b772ed146ae499559,0,0,0,0,0,0,0,0,0,0,0,0,0.0,0,0,33,3,0,0,0,0,0,0,0,0,0,0,100.0,NoArch
2afe66d1ae48ac0bda78a59ce4fe3341a8e11ddb,0,0,0,0,0,0,0,0,0,0,0,0,0.0,0,0,11,11,0,0,0,0,0,0,0,0,0,1,100.0,NoArch
f1b61e8f9d5ae1c5e0f155ff1ebeb40e4e2295eb,4,65,11,54,76,0,0,0,25,28,1,3,1.967788463,564,1,163,20,119,113,6,3412,3192,220,30,26,4,1,100.0,NoArch
5259f26ecee6c268f0ddc86ef45104fe967f267a,2,121,12,109,133,0,0,0,66,86,1,2,0.907942863,1406,3,1,0,249,206,43,8703,4903,3800,88,62,26,2,100.0,NoArch
6660870e3e13ceb91bcf9d4b8ff5cad8fa142856,0,0,0,0,0,0,0,0,0,0,0,0,0.0,0,0,55,20,0,0,0,0,0,0,0,0,0,1,100.0,NoArch
6bbcf7658e31cd7e92c459300fd70263b9b89de6,0,0,0,0,0,0,0,0,0,0,0,0,0.0,0,0,1,0,0,0,0,0,0,0,0,0,0,0,100.0,NoArch
a249c148976c68307777a194ebfa9c3e2231d8bf,8,256,21,235,277,1,0,1,106,1037,1,4,1.122372574,3775,1,27,15,724,682,42,20804,19769,1035,268,247,21,1,99.94788953,NoArch
5d1e525ef00f84d28929633e4400b356a74f1000,0,0,0,0,0,0,0,0,0,0,0,0,0.0,0,0,13,4,0,0,0,0,0,0,0,0,0,1,100.0,NoArch
dc0d13f9456637e26b4e977bc187453d584d87e8,2,2,1,1,3,0,0,0,4,571,1,2,0.918295834,364,1,295,7,41,41,0,1642,1638,4,26,26,0,1,99.79274611,NoArch
d2ff5e6ed926233fd0626537e333e87744e181a4,0,0,0,0,0,0,0,0,0,0,0,0,0.0,0,0,43,11,0,0,0,0,0,0,0,0,0,1,100.0,NoArch
ab25bf2037f98a2fc99179b8ee175d3d876f87b3,0,0,0,0,0,0,0,0,0,0,0,0,0.0,0,0,481,1,0,0,0,0,0,0,0,0,0,1,100.0,NoArch
615c019ac2ba1739a7d220fea2fdf67560723cbc,0,0,0,0,0,0,0,0,0,0,0,0,0.0,0,0,22,12,0,0,0,0,0,0,0,0,0,0,100.0,NoArch
b796146cf41d1889d7f011e89576da5a529ccd9a,0,0,0,0,0,0,0,0,0,0,0,0,0.0,0,0,13,2,0,0,0,0,0,0,0,0,0,1,100.0,NoArch
b09726d066111d3e884872960f511f97a0215d34,4,122,1,121,123,1,0,1,33,21,1,2,1.015676375,431,4,51,13,60,13,47,2523,658,1865,29,5,24,1,99.91941982,NoArch
8336f7ece1dc65b1dc17edff5dab9d9ad7aa9666,2,64,18,46,82,0,0,0,5,1534,1,2,0.499179836,206,3,3,0,20,15,5,1334,1093,241,12,8,4,1,100.0,NoArch
c38f8b4957dea20737b4bbbe3cc18872c46e2b28,0,0,0,0,0,0,0,0,0,0,0,0,0.0,0,0,147,8,0,0,0,0,0,0,0,0,0,0,100.0,NoArch
b64081ee174e5b5aefcd93c3bc6c5aefe6acbf49,1,12,29,17,41,0,0,0,86,43,1,1,0.0,956,12,4,4,227,229,2,6420,6508,88,54,55,1,1,100.0,NoArch
1f9553a759d05b46e91e7380699b0c646fa21e86,35,519,2334,1815,2853,0,10,10,90,1053,1,18,3.995551522,11066,3,0,0,1377,1481,104,52250,61344,9094,579,631,52,1,98.55252275,NoArch
85bc4f8916fa5db77b6ac3d78747e98844780d04,5,92,25,67,117,0,0,0,19,158,1,2,0.642610328,745,3,70,0,85,71,14,3865,3545,320,63,52,11,1,100.0,NoArch
e12f05c24875091e93194d3eb610ca429ffa5118,7,3,274,271,277,0,3,3,5,11,1,2,2.195529186,1366,0,336,29,81,105,24,5716,6796,1080,36,46,10,2,99.53271028,NoArch
e06b40163584f46cb77ddf4a85002a5f1b45b9d5,3,1,25,24,26,0,1,1,6,0,1,3,1.105612401,2777,2,5,0,350,353,3,10096,10305,209,285,286,1,0,99.91386736,NoArch
f66f7470a982f706e812dedbc66abba530ff82e5,0,0,0,0,0,0,0,0,0,0,0,0,0.0,0,0,21,10,0,0,0,0,0,0,0,0,0,1,100.0,NoArch
efd6274a4c7a9ed7c1c0d41477649b68baeefa0b,0,0,0,0,0,0,0,0,0,0,0,0,0.0,0,0,52,19,0,0,0,0,0,0,0,0,0,1,100.0,NoArch
0b74bd5e7a37ccdb42918a0ab7768e9292df5dab,0,0,0,0,0,0,0,0,0,0,0,0,0.0,0,0,111,2,0,0,0,0,0,0,0,0,0,0,100.0,NoArch
ad4113424f428544ca8b8d590a8a46f8ad3f905c,0,0,0,0,0,0,0,0,0,0,0,0,0.0,0,0,104,9,0,0,0,0,0,0,0,0,0,0,100.0,NoArch
05b3442fbf6f20ede5212cbc8ce3c9b709341af2,0,0,0,0,0,0,0,0,0,0,0,0,0.0,0,0,2,1,0,0,0,0,0,0,0,0,0,1,100.0,NoArch
804206f4d1302320183bc84cd457dcbdce16d845,0,0,0,0,0,0,0,0,0,0,0,0,0.0,0,0,61,2,0,0,0,0,0,0,0,0,0,1,100.0,NoArch
6f8dbfe595b5cd677f8607ae42b5eedb3b1e6efe,0,0,0,0,0,0,0,0,0,0,0,0,0.0,0,0,5,3,0,0,0,0,0,0,0,0,0,1,100.0,NoArch
5af11f3c70ed93a19ed77cf6a48351bacdae215d,0,0,0,0,0,0,0,0,0,0,0,0,0.0,0,0,23,12,0,0,0,0,0,0,0,0,0,1,100.0,NoArch
759c5cfc13f64f62e808814183713b9695b1eab9,0,0,0,0,0,0,0,0,0,0,0,0,0.0,0,0,0,0,0,0,0,0,0,0,0,0,0,1,100.0,NoArch
dd31b7eb4d537d83197ba04059953283c58696fc,0,0,0,0,0,0,0,0,0,0,0,0,0.0,0,0,53,18,0,0,0,0,0,0,0,0,0,0,100.0,NoArch
fd1d9077277695e8f5668c062289f9d17bb9981a,2,107,10,97,117,0,0,0,23,58,1,2,0.971941752,457,1,157,15,111,105,6,3334,2778,556,32,27,5,1,98.87218045,NoArch
fec162dda29ecbf36579ebb61a666bd17ed9bb01,0,0,0,0,0,0,0,0,0,0,0,0,0.0,0,0,15,1,0,0,0,0,0,0,0,0,0,0,100.0,NoArch
d7b808270c8a6d68ffdceb3ba4215d2f183c3fef,0,0,0,0,0,0,0,0,0,0,0,0,0.0,0,0,180,12,0,0,0,0,0,0,0,0,0,0,100.0,NoArch
f9a423d2a85d820cec8404a254b605f56eb070c7,0,0,0,0,0,0,0,0,0,0,0,0,0.0,0,0,224,18,0,0,0,0,0,0,0,0,0,0,100.0,NoArch
edbb3feac1bb12c0b00934b1fa58ba7c4b094b40,3,263,136,127,399,1,0,1,23,18,1,3,0.86705026,602,1,137,9,127,115,12,4325,3665,660,50,41,9,1,99.62121212,NoArch
cac87ab452a3b1ab60f02730db30e7b4977dae30,8,275,4,271,279,3,0,3,17,33,1,3,2.241164338,1289,1,338,29,168,144,24,8123,7043,1080,56,46,10,1,99.53271028,NoArch
0e6977d1b89c9a103cec0be5bd4bbeceb740d50f,6,15,19,4,34,0,0,0,106,281,1,6,2.254447579,4259,4,11,8,1031,1031,0,23989,24024,35,362,362,0,1,100.0,NoArch
bf63908f5a3cdebf152e904567ab6c212ae6cbe1,10,23,258,235,281,0,1,1,40,131,1,7,2.230547647,1965,3,78,2,309,325,16,10638,12141,1503,121,125,4,1,99.83164983,NoArch
107cb5e18a20a09f19fb97e4e0f4a2652574ac09,0,0,0,0,0,0,0,0,0,0,0,0,0.0,0,0,207,30,0,0,0,0,0,0,0,0,0,1,100.0,NoArch
67142f000666b7bb8f344dcd45b0b2608457226d,0,0,0,0,0,0,0,0,0,0,0,0,0.0,0,0,35,7,0,0,0,0,0,0,0,0,0,1,100.0,NoArch
853d0a7c72fbecb76748ea0ff7f4bf31f6529e6a,4,46,27,19,73,0,0,0,30,82,1,4,1.515272249,1125,2,197,20,206,207,1,6725,6585,140,86,87,1,1,100.0,NoArch
c915fb13a26bd885200591148af91fe483d8723b,0,0,0,0,0,0,0,0,0,0,0,0,0.0,0,0,458,0,0,0,0,0,0,0,0,0,0,1,100.0,NoArch
8ab3b6db708dfd187159fb2785bad2cacfc3a2b6,2,29,2,27,31,0,0,0,25,31,1,2,0.907165768,1102,1,144,4,254,250,4,7039,6901,138,138,137,1,1,100.0,NoArch
c78a3d5ea4e7e511ba9f6182157956db3e65e1a0,13,95,107,12,202,0,1,1,96,684,1,9,3.072479363,4946,4,8,6,970,962,8,29384,29449,65,338,335,3,0,99.92553984,NoArch
02aa8d4cbba2f5c6f8050f5e2cc92915b70c13e4,0,0,0,0,0,0,0,0,0,0,0,0,0.0,0,0,11,2,0,0,0,0,0,0,0,0,0,1,100.0,NoArch
dc0d13f9456637e26b4e977bc187453d584d87e8,2,2,1,1,3,0,0,0,4,571,1,2,0.918295834,364,1,295,7,41,41,0,1642,1638,4,26,26,0,1,99.79274611,NoArch
e10bd69255549a854d1ef178ab9df4dbd99dd2ac,0,0,0,0,0,0,0,0,0,0,0,0,0.0,0,0,334,5,0,0,0,0,0,0,0,0,0,1,100.0,NoArch
6af6c06786081a6baed1ca03101c3becad4396b2,0,0,0,0,0,0,0,0,0,0,0,0,0.0,0,0,60,1,0,0,0,0,0,0,0,0,0,1,100.0,NoArch
d32617f83f4b4b78c1a852127595e02d2ffb77f2,3,3,0,3,3,0,0,0,11,498,1,1,1.584962501,275,4,33,1,15,15,0,929,929,0,9,9,0,1,100.0,NoArch
615d3d16d6cb969c8521c4c6b681dcf11aa29183,2,27,0,27,27,0,0,0,8,379,1,2,0.764204507,148,2,5,1,19,16,3,918,753,165,11,9,2,1,100.0,NoArch
c4386ad21f16b4fdd761eeb5ac4332f6221aac3f,1,12,92,80,104,0,0,0,77,17,1,1,0.0,1134,13,3,1,222,243,21,5107,5477,370,74,78,4,1,100.0,NoArch
fa0059c55a31813634188eb85e53b68e33644489,2,23,8,15,31,0,0,0,44,247,1,2,0.708835673,413,2,0,0,101,100,1,2683,2507,176,24,24,0,1,100.0,NoArch
eeb1023f9630a576bf8ea2d5b0e485f565e90e42,0,0,0,0,0,0,0,0,0,0,0,0,0.0,0,0,83,6,0,0,0,0,0,0,0,0,0,2,100.0,NoArch
f94e1e210757cf8868bf5c14f39be02df232521d,0,0,0,0,0,0,0,0,0,0,0,0,0.0,0,0,52,10,0,0,0,0,0,0,0,0,0,1,100.0,NoArch
7afee340172a95bf1d7df4038ce615448f719a0d,2,16,0,16,16,0,0,0,44,2,1,2,0.543564443,1969,3,311,9,402,400,2,12445,12351,94,206,205,1,1,100.0,NoArch
91d4cc03bbe84ca2aa0ed7f9094a20061b04a8a3,2,2,12,10,14,0,0,0,11,2617,1,2,0.749595257,269,4,3,3,25,25,0,1052,1070,18,17,17,0,1,100.0,NoArch
f02db39114cd3b1bd02e87b86812f2c0cafdba86,2,21,1,20,22,0,0,0,89,524,1,2,0.439496987,2349,4,481,3,471,470,1,16782,16581,201,218,217,1,1,100.0,NoArch
ee2953e0aabc8bf67872e5006e898c502c16e4e0,0,0,0,0,0,0,0,0,0,0,0,0,0.0,0,0,25,14,0,0,0,0,0,0,0,0,0,1,100.0,NoArch
17cfe99d72121fad1ead76e8bf80729c5c7f7e6b,2,40,2,38,42,0,0,0,2,122,1,2,0.453716339,431,1,51,0,32,17,15,2598,631,1967,20,8,12,1,100.0,NoArch
d5ec60896fef71973d49436df077664b830aaa46,1,2,2,0,4,0,0,0,24,2,1,1,0.0,272,3,12,7,35,34,1,1554,1545,9,9,9,0,1,100.0,NoArch
fac2b0477cba4cd01a56c635459a949f81680a84,0,0,0,0,0,0,0,0,0,0,0,0,0.0,0,0,134,9,0,0,0,0,0,0,0,0,0,1,100.0,NoArch
7f2afa8df4167435f4e92c715d65519d01bda2f8,0,0,0,0,0,0,0,0,0,0,0,0,0.0,0,0,13,4,0,0,0,0,0,0,0,0,0,1,100.0,NoArch
8028574ba42ff2aa8d1faf4085f84ca3d13d55b3,0,0,0,0,0,0,0,0,0,0,0,0,0.0,0,0,7,2,0,0,0,0,0,0,0,0,0,1,100.0,NoArch
7d83e93e0d50487125d747265d2aa325cdce029d,0,0,0,0,0,0,0,0,0,0,0,0,0.0,0,0,103,8,0,0,0,0,0,0,0,0,0,1,100.0,NoArch
4fad66df0132c815a2a74c01704168d87f47009f,1,21,0,21,21,0,0,0,22,0,1,1,0.0,142,4,15,13,30,0,30,793,0,793,19,0,19,0,100.0,NoArch
492dc3b8f8a1b5dbf98b6c30b79b18ec87e7e89e,0,0,0,0,0,0,0,0,0,0,0,0,0.0,0,0,0,0,0,0,0,0,0,0,0,0,0,1,100.0,NoArch
d160f17357c241a2c925a182e064f4068db22fe6,0,0,0,0,0,0,0,0,0,0,0,0,0.0,0,0,283,11,0,0,0,0,0,0,0,0,0,0,100.0,NoArch
29129abeecd58d387fd8f8986fba052a4868fc7c,0,0,0,0,0,0,0,0,0,0,0,0,0.0,0,0,0,0,0,0,0,0,0,0,0,0,0,1,100.0,NoArch
37bd84dc608c39f611c19557d4b2d1052d08db32,0,0,0,0,0,0,0,0,0,0,0,0,0.0,0,0,10,1,0,0,0,0,0,0,0,0,0,1,100.0,NoArch
81ca4dba8176c1a577205d12e1088880b7714947,0,0,0,0,0,0,0,0,0,0,0,0,0.0,0,0,109,1,0,0,0,0,0,0,0,0,0,0,100.0,NoArch
4b6626bca48cc797380e9e0c6a91c3e2bc7a01f8,0,0,0,0,0,0,0,0,0,0,0,0,0.0,0,0,13,3,0,0,0,0,0,0,0,0,0,1,100.0,NoArch
2f441fd1a5e4c64c77e83da2c1fef11312bf5097,0,0,0,0,0,0,0,0,0,0,0,0,0.0,0,0,56,4,0,0,0,0,0,0,0,0,0,1,100.0,NoArch
a760e09477b74b640ff8796c02da1c2be8585d1f,0,0,0,0,0,0,0,0,0,0,0,0,0.0,0,0,226,1,0,0,0,0,0,0,0,0,0,0,100.0,NoArch
f8c70a3a9fe5a410363544493a03dc2d10340cbd,6,143,377,234,520,0,2,2,14,1714,1,4,2.035689709,1361,2,0,0,93,111,18,6241,4249,1992,46,31,15,1,98.03921569,NoArch
4f0fe80f2525c398e18ec48cd48be27f4c7fcc95,13,51,367,316,418,0,1,1,55,134,1,9,2.82121212,3790,3,87,4,768,806,38,21226,23156,1930,307,319,12,1,99.83443709,NoArch
a3d6e2d839e1c1eeb81a08fdd1d3ad199326aee0,7,274,3,271,277,3,0,3,8,39,1,2,2.195529186,1095,1,25,0,105,81,24,6796,5716,1080,46,36,10,1,99.53271028,NoArch
56d154f53715a3234a7cafd5fca4bbeb15999f6c,0,0,0,0,0,0,0,0,0,0,0,0,0.0,0,0,161,18,0,0,0,0,0,0,0,0,0,1,100.0,NoArch
7784b56a4aeda94de1de3bbe12a468108b7b8e0e,1,1,0,1,1,0,0,0,19,0,1,1,0.0,144,4,50,3,16,16,0,635,629,6,8,8,0,1,100.0,NoArch
c6cf5d5fc36c69525dbf3712af42014a3da417e0,0,0,0,0,0,0,0,0,0,0,0,0,0.0,0,0,78,6,0,0,0,0,0,0,0,0,0,1,100.0,NoArch
3c3171eaa13e2aa6265577bff9cabf751bf29c4f,0,0,0,0,0,0,0,0,0,0,0,0,0.0,0,0,26,3,0,0,0,0,0,0,0,0,0,0,100.0,NoArch
1f6749d0250405106db6aaf21266cfe907d6f191,0,0,0,0,0,0,0,0,0,0,0,0,0.0,0,0,36,7,0,0,0,0,0,0,0,0,0,1,100.0,NoArch
db2aff843fca366f96f98e3830811a4c0cfabbd1,0,0,0,0,0,0,0,0,0,0,0,0,0.0,0,0,330,23,0,0,0,0,0,0,0,0,0,0,100.0,NoArch
196a252b6657068013d76e903b1f90ad33ad5c8e,0,0,0,0,0,0,0,0,0,0,0,0,0.0,0,0,9,9,0,0,0,0,0,0,0,0,0,1,100.0,NoArch
68a5418bf4b71c15876347260fd1df2b17069c99,2,360,0,360,360,2,0,2,5,27,1,2,0.877868813,0,1,16,0,63,0,63,2370,0,2370,10,0,10,1,98.03921569,NoArch
630562a0b16ae73c8cb8d85da723bca6b28de6db,1,2,4,2,6,0,0,0,82,228,1,1,0.0,1590,7,3,2,432,432,0,9465,9478,13,182,182,0,1,100.0,NoArch
ff8fb1627380885dfd3d36518f826932880e121b,0,0,0,0,0,0,0,0,0,0,0,0,0.0,0,0,65,3,0,0,0,0,0,0,0,0,0,0,100.0,NoArch
c62a8f9d11c85c18a9df1f28d23fe0396f7766b9,0,0,0,0,0,0,0,0,0,0,0,0,0.0,0,0,14,4,0,0,0,0,0,0,0,0,0,1,100.0,NoArch
05171ee872bb8d6e9173a34b7832f522b2a56763,7,22,11,11,33,0,0,0,80,812,1,4,2.248495256,2877,5,0,0,417,414,3,14817,14789,28,190,189,1,1,100.0,NoArch
1836020a6521743e41fa0fa8d3d7e58e0f78b93f,1,0,1,1,1,0,0,0,17,129,1,1,0.0,145,3,49,0,16,16,0,629,635,6,8,8,0,1,100.0,NoArch
5d264aabbfcaf9edb85818b05faecac304ef3175,13,51,367,316,418,0,1,1,55,134,1,9,2.82121212,3790,3,91,8,768,806,38,21226,23156,1930,307,319,12,0,99.83443709,NoArch
3fc1496f58de3794d8ac9043c3d04a3d8a28f096,0,0,0,0,0,0,0,0,0,0,0,0,0.0,0,0,338,25,0,0,0,0,0,0,0,0,0,1,100.0,NoArch
6f8dbfe595b5cd677f8607ae42b5eedb3b1e6efe,0,0,0,0,0,0,0,0,0,0,0,0,0.0,0,0,5,3,0,0,0,0,0,0,0,0,0,1,100.0,NoArch
96ef881811ac4f8f4017319d5344bcd3164a7bc4,0,0,0,0,0,0,0,0,0,0,0,0,0.0,0,0,4,4,0,0,0,0,0,0,0,0,0,1,100.0,NoArch
673261c8656124cc58bee65fe5e8c779350779ee,3,106,10,96,116,1,0,1,39,10,1,3,1.126456155,716,1,9,0,106,97,9,3216,2880,336,62,58,4,1,98.85198852,NoArch
a42a522f34f910961f92ca9145e58647aded8c83,0,0,0,0,0,0,0,0,0,0,0,0,0.0,0,0,57,1,0,0,0,0,0,0,0,0,0,0,100.0,NoArch
0d997e5e5952546e0bdeab3080ef7c00d8caffc1,0,0,0,0,0,0,0,0,0,0,0,0,0.0,0,0,1,0,0,0,0,0,0,0,0,0,0,1,100.0,NoArch
0c24fe973530ded3c00027440e3151b4b7d6b901,0,0,0,0,0,0,0,0,0,0,0,0,0.0,0,0,168,5,0,0,0,0,0,0,0,0,0,0,100.0,NoArch
5c7b7486d1cbedbc006d5e9a7dfbcea7678a8311,0,0,0,0,0,0,0,0,0,0,0,0,0.0,0,0,5,5,0,0,0,0,0,0,0,0,0,1,100.0,NoArch
af78321f7d6fb7d35f7eba2116cb8811e38d5ab6,5,89,0,89,89,0,0,0,2,99,1,4,2.321559629,287,1,144,6,14,14,0,1073,1073,0,11,11,0,0,100.0,NoArch
4a1a11e575f6914bf2d2a2c5fea762cd3984fdf7,13,51,367,316,418,0,1,1,55,134,1,9,2.82121212,3790,3,90,7,768,806,38,21226,23156,1930,307,319,12,2,99.83443709,NoArch
bf8f9edcaa8545c134ad2eab1b2715cb32f44e16,1,1,1,0,2,0,0,0,45,27,1,1,0.0,346,9,0,0,55,55,0,1537,1539,2,26,26,0,0,100.0,NoArch
dff585bd6876f20b5148ee2848e42e95d6ae94c2,0,0,0,0,0,0,0,0,0,0,0,0,0.0,0,0,238,10,0,0,0,0,0,0,0,0,0,1,100.0,NoArch
8c33103c24b20aa2b107f1057b4d22b5111fad42,0,0,0,0,0,0,0,0,0,0,0,0,0.0,0,0,6,4,0,0,0,0,0,0,0,0,0,3,100.0,NoArch
2cf3c9909a970039b7f85af4c59bf5fd8068bc88,18,1703,66,1637,1769,3,0,3,73,675,1,8,2.534364845,3663,5,1,0,675,486,189,27002,18095,8907,342,211,131,0,99.37718957,NoArch
754bbd5a43f0156acaeb84bc2573274be1da8a69,0,0,0,0,0,0,0,0,0,0,0,0,0.0,0,0,11,11,0,0,0,0,0,0,0,0,0,1,100.0,NoArch
5874b2ab91721eaae00afb492b5b52bf58e0335f,0,0,0,0,0,0,0,0,0,0,0,0,0.0,0,0,24,7,0,0,0,0,0,0,0,0,0,1,100.0,NoArch
63ad1ce82e49b683a073745223a017057db8acab,0,0,0,0,0,0,0,0,0,0,0,0,0.0,0,0,355,6,0,0,0,0,0,0,0,0,0,1,100.0,NoArch
78b172c040f934ad59635b69ff797a09ff039136,0,0,0,0,0,0,0,0,0,0,0,0,0.0,0,0,59,3,0,0,0,0,0,0,0,0,0,1,100.0,NoArch
40388e5c9c9cb7b3dd567eff97b28e1278c7fcdb,0,0,0,0,0,0,0,0,0,0,0,0,0.0,0,0,0,0,0,0,0,0,0,0,0,0,0,1,100.0,NoArch
6f07501a2f17b7b4f7b33b37702ac2280e24daed,1,0,1,1,1,0,0,0,17,129,1,1,0.0,145,3,54,5,16,16,0,629,635,6,8,8,0,1,100.0,NoArch
7b13b5dda2f7014ed15d86887a963299232ca1d2,9,222,40,182,262,1,0,1,33,73,1,6,2.827344862,3314,1,196,19,759,738,21,21917,20871,1046,307,293,14,1,99.67213115,NoArch
b71dcf24f252da5858bd95bfd4bd56402e3a458c,0,0,0,0,0,0,0,0,0,0,0,0,0.0,0,0,2,0,0,0,0,0,0,0,0,0,0,1,100.0,NoArch
14488e35bc31f299de8cd88bd6d1ac07576eaa3e,2,28,5,23,33,0,0,0,18,1352,1,2,0.884963636,1455,4,4,4,200,197,3,6891,6758,133,107,106,1,1,100.0,NoArch
9554cafc264c3589bb6eac505e7314a18c79ce26,0,0,0,0,0,0,0,0,0,0,0,0,0.0,0,0,10,3,0,0,0,0,0,0,0,0,0,1,100.0,NoArch
172408e77233aa562d5b3a5c3fae9c8a7160ca86,0,0,0,0,0,0,0,0,0,0,0,0,0.0,0,0,223,17,0,0,0,0,0,0,0,0,0,1,100.0,NoArch
094c95b0a7ce084a1dd97776bc67d0f84786af08,0,0,0,0,0,0,0,0,0,0,0,0,0.0,0,0,310,8,0,0,0,0,0,0,0,0,0,1,100.0,NoArch
9f3ceefda1ee31c388f535a8d3007f0749119447,1,5,4,1,9,0,0,0,5,1493,1,1,0.0,735,4,7,1,77,77,0,1833,1813,20,43,43,0,1,100.0,NoArch
2985e27b367370c8c7176f52a26077044b0e77a1,9,104,106,2,210,0,0,0,9,2128,1,1,2.221007122,840,4,325,2,68,71,3,3823,3999,176,34,30,4,1,99.76076555,NoArch
9e2191a460f6edec201fa87d08c75c407c9df12d,0,0,0,0,0,0,0,0,0,0,0,0,0.0,0,0,1,0,0,0,0,0,0,0,0,0,0,1,100.0,NoArch
4fad66df0132c815a2a74c01704168d87f47009f,1,21,0,21,21,0,0,0,22,0,1,1,0.0,142,4,15,13,30,0,30,793,0,793,19,0,19,0,100.0,NoArch
8026c8ffe4ef67ab419dba73910636bf2c1a691c,548,18961,19651,690,38612,0,0,0,109,417,1,78,7.829641153,106113,3,23,3,12780,12778,2,543693,543758,65,6738,6736,2,1,99.9733191,NoArch
27c7ad120beb6a432e3afa67acc9a532140cf6fd,1,12,5,7,17,0,0,0,7,36,1,1,0.0,303,2,13,10,49,48,1,1329,1288,41,29,29,0,1,100.0,NoArch
b28f0d5f8dd5c99d3fff87527627a44be5fd44c4,0,0,0,0,0,0,0,0,0,0,0,0,0.0,0,0,1,1,0,0,0,0,0,0,0,0,0,1,100.0,NoArch
cfd4b63a8bb9244e3c1cdd48fffe2dd429f8e48d,2,34,53,19,87,0,0,0,26,68,1,2,0.442958679,566,1,173,5,110,113,3,3188,3381,193,34,34,0,1,100.0,NoArch
b623e6f1019798c69c9178c3eb3e2101fb0fe383,12,316,54,262,370,1,0,1,55,226,1,9,2.638187439,3201,3,91,9,706,685,21,21285,19553,1732,294,286,8,1,99.83164983,NoArch
7472d98289bcb9776339ad253285a6f6dfa939cf,3,14,0,14,14,0,0,0,19,268,1,3,0.734529921,887,4,66,8,84,84,0,3931,3866,65,61,61,0,1,100.0,NoArch
b81761e72307bfc62843c0b207a4712aa2d9c9c0,4,96,22,74,118,0,0,0,31,1266,1,4,1.344852003,2017,2,35,2,271,270,1,13551,13522,29,155,155,0,1,100.0,NoArch
03a3d6f9affa0e70858725bccb11756f975784fb,9,79,40,39,119,1,0,1,75,538,1,6,2.494874179,3584,4,19,1,549,546,3,22737,22662,75,262,262,0,1,99.91742362,NoArch
1324c6880f1127616dd4212ac926cc1ae6e96c5a,0,0,0,0,0,0,0,0,0,0,0,0,0.0,0,0,6,4,0,0,0,0,0,0,0,0,0,1,100.0,NoArch
df3f0547cad95f5491c98444c24d03d2086cd091,0,0,0,0,0,0,0,0,0,0,0,0,0.0,0,0,48,16,0,0,0,0,0,0,0,0,0,1,100.0,NoArch
d401b5558ac3365697f6ca7a2b8b6b3310be48fd,0,0,0,0,0,0,0,0,0,0,0,0,0.0,0,0,31,2,0,0,0,0,0,0,0,0,0,1,100.0,NoArch
1acc9913afd9bee7ad319ffd789a6e47a2e7baa8,0,0,0,0,0,0,0,0,0,0,0,0,0.0,0,0,179,2,0,0,0,0,0,0,0,0,0,0,100.0,NoArch
9101a42badd32f0540caa28e27ca053a36e936e3,0,0,0,0,0,0,0,0,0,0,0,0,0.0,0,0,1,1,0,0,0,0,0,0,0,0,0,1,100.0,NoArch
0d274c9617ee25f51abfcef572e881b93e8216b7,2,18,3,15,21,0,0,0,31,150,1,2,0.998363673,930,2,272,2,179,177,2,6665,6583,82,72,71,1,1,100.0,NoArch
2bbb99602e9e925058ead86fc8ac4e27055b05d6,517,518,518,0,1036,0,0,0,95,1544,2,71,9.012947284,89190,2,30,9,10147,10147,0,453604,453604,0,5341,5341,0,1,100.0,NoArch
9b8e375aea658b40495f91bfad343464d3824dfa,0,0,0,0,0,0,0,0,0,0,0,0,0.0,0,0,3,3,0,0,0,0,0,0,0,0,0,1,100.0,NoArch
751a179769ed29c686558cd618a7934754b6691f,4,70,19,51,89,0,0,0,10,106,1,2,1.53554765,485,1,76,10,106,95,11,3294,2991,303,30,26,4,1,93.77682403,Arch
0039f146bd31549fee2b80119a3c977a5072a5d5,24,2740,2362,378,5102,10,4,14,17,32,1,6,4.080698285,4615,1,79,7,793,733,60,23546,23257,289,310,278,32,1,93.46642468,Arch
f352f56536e1855bdb97208b23f65c659eed3b69,61,127,61,66,188,0,0,0,18,101,1,9,5.29439242,9223,1,80,7,1517,1517,0,44391,44397,6,660,660,0,1,92.90187891,Arch
2034a4ee5bc4fd9623797590e1dbb411e4848787,15,302,326,24,628,1,3,4,18,110,1,3,3.201329052,2777,1,82,6,334,336,2,15831,15966,135,132,135,3,1,97.59358289,Arch
62806bad9162f22afe69f01e97ea96321d83710a,12,657,16,641,673,6,0,6,14,0,1,4,3.017296424,871,1,84,7,138,82,56,7688,5144,2544,85,47,38,1,96.40102828,Arch
f736dfd4dd6089d9323cf7290ca7852c9dd045cd,6,234,5,229,239,3,0,3,13,26,1,4,1.802370874,515,1,89,3,111,90,21,3720,2604,1116,66,49,17,1,93.99538106,Arch
b062afaea6c4534bea3e2ec1387afb549da72570,2,350,0,350,350,2,0,2,1,0,1,2,0.994693795,0,1,99,11,74,0,74,2409,0,2409,23,0,23,1,96.7462039,Arch
116a973813541d4f6ca000ae27090074871e714e,97,2872,5380,2508,8252,7,26,33,16,14,1,12,5.434778564,14470,1,0,0,1873,2176,303,62115,73068,10953,793,952,159,0,79.76470588,Arch
76c6762906b4802dd9e41b647a7a5146a08e180b,7,135,76,59,211,0,0,0,24,127,1,5,2.513346984,2025,1,143,3,530,522,8,13709,13273,436,204,199,5,1,78.73303167,Arch
6b33f0278abc9a1d81f925d39673d9fccefc5370,16,419,402,17,821,0,0,0,22,131,1,4,3.036039894,1855,1,145,5,304,315,11,10050,9970,80,129,126,3,1,90.60402685,Arch
234893c3d0ff9c18fd2b90e5c7ea0b0a9a0b2762,14,681,89,592,770,1,0,1,21,67,1,5,2.778364912,2238,1,160,17,630,516,114,16708,13276,3432,240,175,65,1,74.56359102,Arch
ba55ccc8e773ecbb0e71b13997c628b82f40eeac,4,26,8,18,34,0,0,0,27,16,1,3,1.866196857,1283,1,164,21,310,305,5,7649,7563,86,151,149,2,1,94.83101392,Arch
8fca9cd353d16aa7396fb91c4b9a7cb4660d23fd,5,130,201,71,331,1,1,2,20,36,1,3,1.850495335,985,1,169,7,170,179,9,5595,5771,176,72,86,14,1,92.91666667,Arch
4471c7079a4e7cc62ff6d67cfe22b078a6bbe4af,11,730,24,706,754,9,0,9,5,49,1,4,3.198549137,472,1,180,3,131,81,50,5516,2489,3027,65,35,30,0,92.63565891,Arch
1d125b4a4fdabf0bf55f27d092226a53d70427ac,10,382,331,51,713,1,0,1,15,96,1,4,2.431137363,1418,1,181,4,175,162,13,7549,7820,271,89,82,7,0,97.61029412,Arch
162726205705d4130e4090e4c4aa24d9e7ef34a6,4,235,1,234,236,2,0,2,31,11,1,3,1.017979253,976,1,184,7,283,253,30,7117,6099,1018,134,122,12,1,96.92585895,Arch
e5631c1b774681f92de43f9f7d6ec64ae15d5c9b,6,335,1,334,336,3,0,3,7,0,1,3,2.010706158,524,1,187,10,110,86,24,4271,2607,1664,54,37,17,1,96.58703072,Arch
e5d6f00462a43a94edd3ad1e4266443c63ecf51c,10,1053,0,1053,1053,10,0,10,5,17,1,2,3.16305332,0,1,194,17,94,0,94,4550,0,4550,68,0,68,3,95.93908629,Arch
8fc362ad49300d2aa145c0e0e118851fbcc563b6,2,39,2,37,41,1,0,1,20,87,1,2,0.534943699,488,1,199,22,168,164,4,3519,3417,102,51,49,2,1,96.32587859,Arch
2b43cbdc5d51752325dd9f29a669dcc532a1c6b0,137,2,2,0,4,0,0,0,34,131,1,19,,19731,1,205,28,2782,2782,0,98473,98473,0,1297,1297,0,1,22.72727273,Arch
abd816c13c3e1af987e8a7b88face7f06288bde9,3,38,4,34,42,1,0,1,10,19,1,3,0.814227111,174,2,0,0,22,19,3,969,877,92,8,7,1,1,84.44108761,Arch
e3ddec6f5a87984a5d5358734f8ee5e26a6682df,0,0,0,0,0,0,0,0,0,0,0,0,0.0,0,0,18,4,0,0,0,0,0,0,0,0,0,1,84.63855422,Arch
56f6af364fa4d8d20e1bf7ed138e8445586b1ac6,12,659,52,607,711,7,0,7,20,9,1,5,3.47026236,890,3,2,2,149,101,48,7002,4465,2537,88,54,34,1,97.65395894,Arch
7a0078b786f0e3575fef5d98a8242c13530ceccd,5,255,19,236,274,1,0,1,12,20,1,4,1.786943458,1414,1,18,10,249,217,32,7992,6837,1155,103,95,8,1,94.73684211,Arch
2e4f32687d9c6b669bcda7b8a0b42d71daf97a2c,8,89,39,50,128,0,0,0,21,11,1,3,2.735845517,1181,3,6,6,133,124,9,5949,5732,217,75,74,1,1,96.72131148,Arch
f86e0305115fdf9aaa90b19e3bb8ee58324a1406,13,116,79,37,195,2,0,2,32,55,1,4,3.088504419,2140,1,226,2,533,543,10,12743,12941,198,161,158,3,1,93.37121212,Arch
e1e7220560d799b380d79c257dfc0aaac949a623,2,37,0,37,37,1,0,1,7,34,1,2,0.571354974,87,1,228,3,21,18,3,539,404,135,11,9,2,1,97.5308642,Arch
62cba7ee3c6f0b73f1d195934b940b5061757a84,4,110,36,74,146,0,0,0,4,65,1,2,1.820612629,354,2,232,7,29,23,6,2097,1662,435,16,15,1,1,91.88235294,Arch
1d6b6c5549fd0086e0682d519527d879b1efda33,1,52,0,52,52,1,0,1,1,0,1,1,0.0,0,1,24,7,1,0,1,233,0,233,1,0,1,1,97.0959596,Arch
03e67154953150c38fbf92e079ada74aec75398d,24,1907,361,1546,2268,2,0,2,37,60,1,6,2.784853928,6064,2,245,11,986,796,190,38787,32118,6669,445,354,91,1,90.73405535,Arch
8e900b4a1450bc64057a257efa7682daf5da1c8b,235,14209,22784,8575,36993,79,131,210,21,2,2,33,,23912,1,0,0,2281,3225,944,76779,116845,40066,1012,1563,551,0,24.21652422,Arch
cdeb6ea2198cc94f450ca2ff949c0c198a4f8b00,13,1089,0,1089,1089,13,0,13,1,0,1,2,3.637703795,0,1,269,4,104,0,104,5198,0,5198,64,0,64,1,95.67147614,Arch
d8e96da726d2d2e57d40afdd9deb6dbac09719ca,17,7,1141,1134,1148,0,13,13,30,6,1,6,3.797918375,2262,0,0,0,163,268,105,5441,10764,5323,74,139,65,0,95.67147614,Arch
627d42de01bbd935ac469ff0ca0af135b75cef1e,20,1172,7,1165,1179,13,0,13,31,90,1,7,3.909228562,1728,1,271,1,448,338,110,14747,9231,5516,196,129,67,1,95.33851276,Arch
abdbc5744d15001bf473cf0701ad3b1b490e6fde,42,106,1490,1384,1596,0,13,13,33,87,1,12,4.641485782,6663,0,0,0,858,1031,173,30068,36707,6639,364,454,90,1,95.33851276,Arch
4c8ef34d89fd8ff2277c901a092c961bebe3269a,42,1491,107,1384,1598,13,0,13,34,183,1,12,4.640219762,5279,1,14,0,1031,858,173,36707,30068,6639,454,364,90,1,95.33851276,Arch
21a4eb06f5be66acfe2eaedaa8d7988a44b37338,42,106,1490,1384,1596,0,13,13,33,87,1,12,4.641485782,6663,0,10,0,858,1031,173,30068,36707,6639,364,454,90,0,95.33851276,Arch
9c3095aeab368e4984fde046e10d0c274cf240c0,42,1491,107,1384,1598,13,0,13,34,183,1,12,4.640219762,5279,1,3,3,1031,858,173,36707,30068,6639,454,364,90,1,95.33851276,Arch
2550e35bbce6b5cd487259405e44ff2802416cc7,42,106,1490,1384,1596,0,13,13,33,87,1,12,4.641485782,6663,0,11,1,858,1031,173,30068,36707,6639,364,454,90,1,95.33851276,Arch
3604f4fd70c81c782d26b7f7b0c2d6fa54240ae2,39,1458,106,1352,1564,13,0,13,34,187,1,10,4.55898651,4525,1,275,0,915,743,172,33021,26466,6555,408,319,89,1,95.33851276,Arch
32d4ad76def63559a83def91582320ce8e31ab74,38,99,1454,1355,1553,0,13,13,33,95,1,9,4.535194503,5506,0,272,2,695,867,172,24627,31203,6576,290,379,89,1,95.33851276,Arch
1b5c4e428e3ac83bee7d0a73e518880819f34541,38,1455,100,1355,1555,13,0,13,34,182,1,9,4.533979536,4151,1,276,1,867,695,172,31203,24627,6576,379,290,89,1,95.33851276,Arch
e33fc2bc1fedbb746f38b9daa41b8b657a9bbfc5,36,96,1436,1340,1532,0,13,13,33,100,1,8,4.478930535,4561,0,273,3,518,688,170,18044,24538,6494,219,307,88,1,95.33851276,Arch
cb3dab05528ea8597fa41d4c09618b2907d544d8,36,1437,97,1340,1534,13,0,13,34,191,1,8,4.4777467,3221,1,277,2,688,518,170,24538,18044,6494,307,219,88,1,95.33851276,Arch
6f8dcb9a14c843936358784ba5bb7bca13d6a84d,36,96,1436,1340,1532,0,13,13,33,100,1,8,4.478930535,4561,0,17,7,518,688,170,18044,24538,6494,219,307,88,0,95.33851276,Arch
8dfd1a6027d2c293fac298c3197567b80c2f0402,36,1437,97,1340,1534,13,0,13,34,191,1,8,4.4777467,3221,1,17,2,688,518,170,24538,18044,6494,307,219,88,1,95.33851276,Arch
e1de8c0286840cf021dd686d78525ab47b6dc0d1,36,96,1436,1340,1532,0,13,13,33,100,1,8,4.478930535,4561,0,18,8,518,688,170,18044,24538,6494,219,307,88,1,95.33851276,Arch
9b31fdd70fcd6aa0bac31f6d91256d1df81a86c8,36,1437,97,1340,1534,13,0,13,34,191,1,8,4.4777467,3221,1,18,3,688,518,170,24538,18044,6494,307,219,88,1,95.33851276,Arch
913345d239e7aa67bfbfb80e8d1f2394c5de64c4,36,96,1436,1340,1532,0,13,13,33,100,1,8,4.478930535,4561,0,19,9,518,688,170,18044,24538,6494,219,307,88,1,95.33851276,Arch
05cc368353d72c798b261d9dbfcee05d8c7cdaa5,36,1437,97,1340,1534,13,0,13,34,191,1,8,4.4777467,3221,1,17,2,688,518,170,24538,18044,6494,307,219,88,1,95.33851276,Arch
33a9b04bb67cf8f0434d25922642d145ff3f83a1,36,96,1436,1340,1532,0,13,13,33,100,1,8,4.478930535,4561,0,17,15,518,688,170,18044,24538,6494,219,307,88,1,95.33851276,Arch
a4c97afaf377cb1461faee2654a1a7c00e0a92c1,36,1437,97,1340,1534,13,0,13,34,191,1,8,4.4777467,3221,1,19,4,688,518,170,24538,18044,6494,307,219,88,1,95.33851276,Arch
cb61f04eb422c48fb7c6c5d0c1ff7b9834bbe4a4,36,96,1436,1340,1532,0,13,13,33,100,1,8,4.478930535,4561,0,21,11,518,688,170,18044,24538,6494,219,307,88,1,95.33851276,Arch
2660351b81bb6ea57f5c8c33a935600132db1d57,36,1437,97,1340,1534,13,0,13,34,191,1,8,4.4777467,3221,1,28,0,688,518,170,24538,18044,6494,307,219,88,1,95.33851276,Arch
ea4bd94d187975224470dfc66d568d69dd32ed39,36,96,1436,1340,1532,0,13,13,33,100,1,8,4.478930535,4561,0,22,12,518,688,170,18044,24538,6494,219,307,88,0,95.33851276,Arch
625d88ca5ce134b9f7572e4266a39bfb41d3bb02,158,24136,0,24136,24136,158,0,158,25,122,1,22,6.662493493,0,1,23,13,3246,0,3246,118102,0,118102,1575,0,1575,0,58.81826321,Arch
a317436c7b069bad1f171acfe3b17c1480dd6724,158,0,24136,24136,24136,0,158,158,0,0,1,22,6.662493493,24136,0,23,0,0,3246,3246,0,118102,118102,0,1575,1575,1,58.81826321,Arch
af73cd3f2d5249dd386dc299a9d4d1e4f9b3bec2,36,1437,97,1340,1534,13,0,13,34,191,1,8,4.4777467,3221,1,278,3,688,518,170,24538,18044,6494,307,219,88,0,95.33851276,Arch
a052723e1b0f22ec061865f6cdad2ad45c67ac93,36,96,1436,1340,1532,0,13,13,33,100,1,8,4.478930535,4561,0,27,16,518,688,170,18044,24538,6494,219,307,88,0,95.33851276,Arch
3c71a148c09d3951aaabdb7dcf6639d70905016f,36,1437,97,1340,1534,13,0,13,34,191,1,8,4.4777467,3221,1,20,3,688,518,170,24538,18044,6494,307,219,88,0,95.33851276,Arch
cac9e93d3984bf05f67c86fba0d7024b82469ae1,29,1624,58,1566,1682,15,0,15,28,128,1,12,4.298145929,2463,1,281,6,624,437,187,21704,14058,7646,285,184,101,1,88.83034773,Arch
2ca528fa31870b767f7d89550d8781c40c6b8bcf,3,140,0,140,140,1,0,1,3,128,1,2,1.14022707,204,1,282,7,30,16,14,1902,1120,782,20,8,12,1,97.97979798,Arch
9c56ed4e8af0f977fe76f82d231757c2563d2094,4,244,7,237,251,2,0,2,12,102,1,1,1.648237882,170,1,286,8,32,14,18,1909,760,1149,14,7,7,1,88.58921162,Arch
f739842c9055909dbd9bf8fc6e49dcd34661b84f,4,635,0,635,635,4,0,4,1,0,1,2,1.836714815,0,1,290,4,59,0,59,3086,0,3086,43,0,43,1,96.8238691,Arch
ce35df9fb9c907883e9cede03109765e900248e7,29,1185,424,761,1609,9,1,10,38,223,1,9,3.92073633,2455,1,294,3,393,286,107,17862,13173,4689,260,168,92,2,89.93288591,Arch
0457a5785252d997d93cebb4c275e2a355577d75,5,459,74,385,533,2,0,2,7,12,1,2,1.959087684,407,2,11,1,59,31,28,4187,2005,2182,36,23,13,1,97.23991507,Arch
819709d877b8f21d4c680d8d1a91f70cfd6bbadb,14,2358,4,2354,2362,13,0,13,20,8,1,3,3.442132587,252,1,12,1,217,33,184,13504,1432,12072,82,9,73,1,94.59459459,Arch
de5d14395bed3d9eeae07c7a1d60975b6778e3d2,27,180,140,40,320,1,0,1,40,145,1,12,4.100905002,6318,1,303,7,1098,1089,9,37059,36977,82,486,482,4,1,93.90774587,Arch
f9c3ccc83b9b5f89c786a593c9bc23af10209f00,5,739,12,727,751,4,0,4,13,35,1,2,1.861840305,111,1,345,3,128,13,115,4457,474,3983,67,7,60,1,89.16728077,Arch
64fda09d97f5f68897262e0d305deec5ca363f56,9,15,342,327,357,0,3,3,31,40,1,4,2.695188546,2036,0,344,3,269,300,31,9810,11351,1541,98,110,12,1,88.84026258,Arch
13bf69f3eda8d6046a61ffb3bf281e3dde3298f4,18,854,28,826,882,8,0,8,32,109,1,8,3.40033386,2194,1,346,4,399,328,71,16286,11996,4290,178,138,40,1,88.06941432,Arch
007dbc2a7b9d709f5ef77c36d59733a859f3b887,9,15,342,327,357,0,3,3,31,40,1,4,2.695188546,2036,0,345,4,269,300,31,9810,11351,1541,98,110,12,1,92.44505495,Arch
3397abb9d37d1a84a9d26c2e90558fc4e4be26d9,11,407,28,379,435,3,0,3,32,189,1,6,3.043232737,2012,3,21,0,331,292,39,13288,11394,1894,126,112,14,1,92.44505495,Arch
a2a7d5453ea09936cf9dbf0bbb5e79f0cba252a7,9,14,337,323,351,0,3,3,7,12,1,4,2.657140766,1721,3,346,5,104,136,32,7300,8733,1433,50,62,12,3,92.78350515,Arch
b56ff0fecbf61869aa29d319f575187c0ef4f8b8,9,338,15,323,353,3,0,3,8,185,1,4,2.657409796,1398,3,22,1,136,104,32,8733,7300,1433,62,50,12,0,92.78350515,Arch
dc6db274036bd925416436ac8c138cd40cd782e0,11,19,373,354,392,0,3,3,45,17,1,6,2.966077139,3787,3,347,0,515,554,39,20039,21656,1617,258,271,13,1,92.78350515,Arch
4dda8ddb4f6ca16d11b908f5597e299bb7fd8d76,11,374,20,354,394,3,0,3,46,167,1,6,2.965556843,3433,3,351,2,554,515,39,21656,20039,1617,271,258,13,1,92.78350515,Arch
a0ee4f676223b7d14f622c083833b63501b2113e,11,19,373,354,392,0,3,3,45,17,1,6,2.966077139,3787,3,348,1,515,554,39,20039,21656,1617,258,271,13,1,92.78350515,Arch
48cbce8f86cc008c4d8f2e0685dae992ccab4922,11,374,20,354,394,3,0,3,46,167,1,6,2.965556843,3433,3,353,4,554,515,39,21656,20039,1617,271,258,13,0,92.78350515,Arch
4d73af83a5ec618781a1476e55d60b5e3a6e72f5,4,227,2,225,229,2,0,2,23,120,1,3,1.145040263,471,1,2,1,76,59,17,3552,2289,1263,38,33,5,1,97.29916898,Arch
7adf61bb2083f9f027901fd63441b3bf06607fd5,3,127,16,111,143,0,0,0,6,256,1,2,0.829065741,410,2,3,2,40,31,9,2885,2208,677,29,23,6,1,97.78085992,Arch
6647059e85e3c70c01a1596fe11f4a12f69125a7,5,68,15,53,83,1,0,1,14,418,1,2,1.601366836,546,2,7,3,64,58,6,2843,2660,183,32,30,2,1,93.96551724,Arch
4631aef659d3795b5d3d7dc8e458b131387c2640,252,456,19,437,475,4,0,4,50,389,1,38,,37640,3,1,0,4868,4791,77,189963,187470,2493,2392,2365,27,1,37.28598605,Arch
a612645c98b33802c70259bc9599e39afc32b385,10,271,12,259,283,1,0,1,37,36,1,3,1.903047895,1712,3,18,5,338,298,40,12665,10708,1957,198,166,32,1,91.40794224,Arch
1116da410809a4572e6134c01b1e8e4be6627647,3,59,2,57,61,1,0,1,15,38,1,2,0.55410153,333,1,19,3,32,31,1,1969,1729,240,21,20,1,1,90.27993779,Arch
5a8078804ce08c49c2c5e5314fec94cb72415f2a,2,85,4,81,89,1,0,1,26,34,1,2,0.472547222,272,1,21,5,45,35,10,2020,1554,466,19,9,10,1,91.41414141,Arch
701473043802d2e54638df2c8c112af8d8d4504a,8,139,55,84,194,0,0,0,28,64,1,3,2.403916776,930,3,22,6,97,78,19,5000,4692,308,74,59,15,1,95.71890145,Arch
6cac5fe1283d797f62e40b1dd755e40f5b213d7b,7,54,2,52,56,1,0,1,37,45,1,5,1.583478878,1604,5,23,7,328,324,4,9942,9758,184,131,128,3,1,93.09803922,Arch
9403bef4294b16c9eb59e6876f7a6fb6cecfaa0a,63,183,150,33,333,1,0,1,51,96,1,23,,10183,2,11,8,1227,1227,0,55176,54856,320,589,589,0,2,84.10774411,Arch
5ca4688a84af2406da81c0915ef781a790a016cb,1,934,474,460,1408,0,0,0,13,143,1,1,0.0,655,3,12,1,192,96,96,6245,3301,2944,105,62,43,1,96.37681159,Arch
214803f7333fa6681caf0c36abf5899b7e861992,5,159,39,120,198,1,0,1,27,42,1,4,1.891622654,479,1,13,2,57,55,2,3093,2868,225,31,30,1,2,95.88414634,Arch
507684968666f97c5af23116884cf0ba88c60be4,20,119,413,294,532,0,2,2,53,121,1,10,2.412555959,5769,1,34,4,1110,1171,61,33749,35683,1934,426,437,11,1,87.95275591,Arch
3962eec7f14fc83542437a50c49dcd2d4b481410,44,1857,494,1363,2351,5,0,5,54,92,1,17,4.078405814,12153,3,21,5,1887,1765,122,71752,65983,5769,889,811,78,1,92.5900277,Arch
3b5d0336153495e29ee42605e6b11fa27a3fec5b,36,395,278,117,673,0,0,0,55,51,1,12,3.48266342,12259,3,38,8,1697,1685,12,62729,62447,282,788,784,4,1,93.26788219,Arch
7833e4baa36951829a4ed4cbb81ae37df617464f,3,43,3,40,46,0,0,0,19,164,1,2,1.112212925,583,3,63,5,103,98,5,3256,3017,239,51,49,2,1,94.73684211,Arch
153ce108ab9334a4a74e266c078f4d0c08e2f485,14,1341,251,1090,1592,4,0,4,34,149,1,5,2.779660774,1576,3,79,0,284,170,114,12745,7949,4796,154,93,61,1,95.36480687,Arch
666be14b735fa4b6e03c20b5c15d229f90efd437,47,2794,362,2432,3156,12,0,12,57,297,1,23,4.676674038,8761,1,109,11,1727,1480,247,67131,52045,15086,789,666,123,1,93.85692068,Arch
401eb42a3bfad01266049cb0385fed6b8edb8c84,47,362,2794,2432,3156,0,12,12,55,115,1,23,4.676674038,11204,1,92,7,1481,1728,247,52135,67221,15086,667,790,123,1,93.85692068,Arch
7c2bfeb2c6ebb2f69eaa4aafbf586ddd2c000629,47,2794,362,2432,3156,12,0,12,57,287,1,23,4.676674038,8772,1,111,10,1728,1481,247,67221,52135,15086,790,667,123,1,93.85692068,Arch
45c9b60be4681d36f07247c0ed9c1faca55b8936,47,362,2794,2432,3156,0,12,12,55,115,1,23,4.676674038,11204,1,93,8,1481,1728,247,52135,67221,15086,667,790,123,1,93.85692068,Arch
b4d6a171e5e2d96d4e6fad49e06aca19c916420a,47,2794,362,2432,3156,12,0,12,57,287,1,23,4.676674038,8772,1,112,11,1728,1481,247,67221,52135,15086,790,667,123,0,93.85692068,Arch
4df83ff5373d7438bdf7789ab2cd5eb547b6db0b,47,362,2794,2432,3156,0,12,12,55,115,1,23,4.676674038,11204,1,94,9,1481,1728,247,52135,67221,15086,667,790,123,0,93.85692068,Arch
5f2cc474348dfdc8cfca669f3f4f0d75bc9e7ae9,52,3355,402,2953,3757,16,0,16,57,258,1,25,4.864427037,9255,1,113,3,1941,1601,340,73644,55692,17952,850,692,158,1,93.2046332,Arch
6ea146d357b041e1c16167124afd7fc4d0f36c21,2,128,0,128,128,2,0,2,1,0,1,2,0.912999214,0,1,120,10,9,0,9,582,0,582,7,0,7,1,91.36331192,Arch
e93f2ff7ca53586dbfd3941035fdaf67cb8ae306,3,125,14,111,139,1,0,1,18,486,1,2,0.958176013,317,5,123,10,39,28,11,2284,1719,565,23,16,7,1,95.85714286,Arch
21223692e8066b2bdf2100641fb7befdae453e8e,5,326,11,315,337,0,0,0,16,654,1,3,0.943403568,1512,2,39,0,255,218,37,8635,7009,1626,132,123,9,1,91.23674912,Arch
da44c2318c5dc9bfc4116cd713bcd0eb872e6e5a,36,317,140,177,457,0,0,0,59,364,1,16,4.506325286,10652,1,138,11,1853,1820,33,56161,55146,1015,768,757,11,1,96.1352657,Arch
446bd1be05c2e1c385d24b31e79504a9fcb1b4b2,44,6208,0,6208,6208,44,0,44,1,0,1,9,5.021740929,0,1,202,0,402,0,402,26712,0,26712,268,0,268,1,88.84172226,Arch
a39e6deea243dcd9a09df8f67af724003dec1d02,2,67,4,63,71,1,0,1,17,359,1,2,0.507935356,702,1,225,0,120,114,6,3646,3388,258,46,41,5,1,96.83985003,Arch
c3577650285efd083a22a86670e33137d0fc6cdf,8,47,126,79,173,0,1,1,22,894,1,7,2.034466654,2308,2,3,0,273,276,3,8713,9024,311,101,104,3,1,92.4037981,Arch
3c15fc6183d1df06abc2eb1904f9c4514ef4f665,5,181,151,30,332,1,0,1,66,402,1,3,1.788221648,3669,5,267,0,753,756,3,21941,21845,96,336,340,4,1,97.20998532,Arch
c8fe3e085e7afb5ee7de69561f0578a8ca2f046c,7,35,25,10,60,0,0,0,55,365,1,7,2.290018766,2622,1,271,4,459,458,1,15297,15241,56,203,202,1,1,97.41463415,Arch
22d55ddf3e6ff8021da1743c8bb989111391b32a,2,108,0,108,108,2,0,2,1,0,1,1,0.99975261,0,1,272,4,4,0,4,681,0,681,2,0,2,1,97.22492697,Arch
448249366ff5ab9f5cfe4117b26ef0ab3bc7d047,3,208,0,208,208,2,0,2,20,151,1,2,1.035360097,102,1,26,0,21,10,11,1462,515,947,12,4,8,1,94.37119675,Arch
4d8a4dd7a2582ad4fa59b8ed3e0db27b91559334,10,527,18,509,545,4,0,4,11,768,1,8,2.986944419,503,2,303,7,70,27,43,4417,2136,2281,47,18,29,1,95.49727857,Arch
21c239025f435bea117e11e61792b89d20a9110e,4,345,5,340,350,2,0,2,4,808,1,3,0.964750357,266,1,307,11,83,24,59,3096,1081,2015,52,13,39,1,97.48134328,Arch
9a501d91b962ade5554e8ddeb8bbacde544fb9b8,2,60,1,59,61,0,0,0,10,456,1,2,0.747394446,134,1,327,4,25,15,10,914,540,374,18,12,6,1,91.95979899,Arch
40650540dcb8ca8a6b6235de5cdd36c0f6e2eb31,15,1726,179,1547,1905,7,0,7,57,291,1,5,3.338131157,3938,4,31,1,947,677,270,30730,22398,8332,487,327,160,1,93.91377853,Arch
23201deb6d468b4cd8be4db7f812f37285358f5b,3,19,2,17,21,0,0,0,60,980,1,2,1.441166544,1403,4,332,3,321,319,2,9398,9265,133,107,105,2,1,96.10058309,Arch
8af840b2cd1ad273e6417f58d359e9b113a1c927,17,653,27,626,680,7,0,7,71,535,1,4,3.562157613,4193,5,348,3,964,906,58,28140,25490,2650,439,409,30,1,93.25337331,Arch
854daafa0d91b3e0da986841ba6ad023eddddeca,23,351,80,271,431,0,0,0,62,1011,1,8,3.998639397,4492,1,349,4,775,743,32,25325,23846,1479,295,274,21,1,93.15181518,Arch
8dd83708d454f9dc7caebf2769b3f5c513ba242c,3,19,1,18,20,0,0,0,65,1339,1,3,1.44064545,1523,1,416,0,346,339,7,10177,9967,210,120,119,1,1,91.22725152,Arch
4fec1d9c1fde62c384d59ed520dfc80b4a4205a5,6,216,4,212,220,2,0,2,69,231,1,2,2.15259304,2791,6,15,0,555,535,20,18036,17113,923,240,227,13,1,86.97674419,Arch
7122ddad939d59f03da8c60bd41eb9247352c449,6,4,216,212,220,0,2,2,70,18,1,2,2.15259304,3003,6,16,1,535,555,20,17113,18036,923,227,240,13,1,86.97674419,Arch
30e914cf37160bfd0aa4daf97feadd8e57435a33,2,103,0,103,103,0,0,0,5,994,1,2,0.748293286,880,1,427,4,62,54,8,4514,3849,665,46,40,6,1,89.06037222,Arch
f71e0cd28d1ebc039ec57cd303ba30e190e72dce,13,418,34,384,452,2,0,2,59,1286,1,7,2.865565594,2430,1,454,5,536,475,61,16144,13678,2466,256,210,46,1,88.9827856,Arch
f426a75e9c8dc48fdc4901224313edbb9c4739a1,2,129,26,103,155,1,0,1,25,894,1,2,0.996363935,178,1,455,6,42,25,17,1464,981,483,20,16,4,1,95.59112609,Arch
5af5e3992a6a58dcb3e52969e4e2b5d903a076c3,11,489,69,420,558,1,0,1,10,2553,1,4,2.893098107,1134,1,456,4,147,110,37,7730,5501,2229,67,62,5,1,88.8580354,Arch
535f6efca296d80f01e1bad2050b1bdc453f4800,1,25,8,17,33,0,0,0,8,95,1,1,0.0,155,1,460,2,19,20,1,927,815,112,14,15,1,1,90.53414469,Arch
5b9b847fa099d2476ba497ad971ac36495add960,23,0,4138,4138,4138,0,23,23,10,3827,1,2,4.207378222,4138,4,465,5,0,382,382,0,20842,20842,0,168,168,1,95.34487653,Arch
5cc99503deea276eabfb9deb8c88fd1f01f5ebad,4,502,0,502,502,2,0,2,25,350,1,3,1.024934575,483,1,24,2,137,74,63,5355,2302,3053,63,38,25,1,96.49565461,Arch
fbaf3c399e2f34e57008d8625c76f0543a3cadf4,2,94,0,94,94,1,0,1,16,749,1,2,0.550984443,639,1,467,2,80,72,8,2908,2586,322,35,33,2,1,96.64516129,Arch
3fdea9c2021b1491825f45547c62b52d75dc505c,2,150,2,148,152,1,0,1,4,757,1,2,0.464810709,60,1,474,5,17,6,11,1054,225,829,16,6,10,1,86.85208597,Arch
eb31746cd5efd5e2c9c57780a651afaccd5cfe06,13,2180,22,2158,2202,7,0,7,84,206,1,6,2.992199706,4511,1,5,0,1425,1144,281,40725,27497,13228,545,407,138,1,89.13443831,Arch
edd9f5557b344be58b03ed01c3588734c793ac46,2,38,5,33,43,1,0,1,6,913,1,2,0.854180205,364,5,73,5,69,69,0,1650,1591,59,33,33,0,1,90.995671,Arch
ec8a091819a25bccf03adc868449f57f9c076d19,2,41,4,37,45,1,0,1,71,458,1,2,0.764204507,903,1,35,3,220,218,2,6482,6245,237,51,50,1,1,91.01123596,Arch
ce64ff7ba8f51a8f54c910407b89cb99b12f79df,1,0,2,2,2,0,0,0,72,0,1,1,0.0,905,6,37,5,218,218,0,6255,6277,22,50,50,0,1,91.10535406,Arch
6de8e985675034fbb3cac4dc8bd3cbed31461b33,2,22,4,18,26,0,0,0,19,0,1,2,0.930586129,765,3,39,7,123,120,3,3768,3646,122,47,46,1,1,87.11683696,Arch
bb9b589e0ebd7aed7fa477b273881c42409969ac,9,1545,2,1543,1547,3,0,3,64,0,1,5,1.950148742,1749,3,42,10,578,328,250,17930,9332,8598,271,128,143,1,87.87268332,Arch
ff5bb456e751e9128606c6bbffe638e256ee2c1c,15,497,74,423,571,0,0,0,65,309,1,8,3.227672571,4881,3,0,0,876,828,48,27124,24982,2142,379,360,19,1,90.66455696,Arch
c80d1eec0229ea733e0ed0f4e7c0c4b90d81f841,6,202,7,195,209,1,0,1,20,361,1,4,2.100465504,2671,4,53,3,412,399,13,16045,14939,1106,254,241,13,1,89.30369128,Arch
1c5205ef3f1516fa5f3a323057139bffd5758182,3,387,44,343,431,2,0,2,20,527,1,3,1.465314378,627,1,0,0,151,88,63,5078,2757,2321,71,61,10,2,94.83585393,Arch
ed6a4e1f2aad7cea85bd956165fb7f66277533ea,3,44,387,343,431,0,2,2,19,150,1,3,1.465314378,970,0,61,0,88,151,63,2757,5078,2321,61,71,10,1,94.83585393,Arch
1f6fa7b79efde2eb999de34334b686a77b23e46a,15,503,55,448,558,2,0,2,85,1572,2,9,2.640519997,3635,4,0,0,739,566,173,22543,15683,6860,343,267,76,2,94.83585393,Arch
8c30a2d55d841e3da32554b01850fb40aeff9c0f,5,59,390,331,449,0,2,2,77,373,1,5,1.686085404,2599,0,30,14,440,463,23,13696,12110,1586,185,166,19,0,94.83585393,Arch
f7ec67996b66444f9de2284d1ddfaa66297ba51e,2,38,5,33,43,1,0,1,6,911,1,2,0.854180205,364,1,32,1,69,69,0,1650,1591,59,33,33,0,1,90.995671,Arch
a7a547cb8a3b7bb16531ef956b81c663c197fe75,2,5,38,33,43,0,1,1,3,8,1,2,0.854180205,397,0,10,1,69,69,0,1591,1650,59,33,33,0,1,90.995671,Arch
60365c1b05181960e141b71ca035164137f2cf64,2,38,5,33,43,1,0,1,6,911,1,2,0.854180205,364,1,10,1,69,69,0,1650,1591,59,33,33,0,1,90.995671,Arch
fd6c4228fbecc6eff3e3ecd5ee27d2ceb46339ff,3,378,44,334,422,2,0,2,21,1,1,3,1.449527081,641,1,0,0,152,92,60,5146,2872,2274,72,62,10,2,91.04606113,Arch
32067dec274ba93aa0775fcfe990eef3b87b534c,2,0,331,331,331,0,2,2,0,0,1,2,0.907894446,331,0,36,0,0,60,60,0,2303,2303,0,10,10,1,91.04606113,Arch
58daaf08a2637e0976cc124571200ce198b3143d,2,41,4,37,45,1,0,1,71,415,1,2,0.764204507,903,1,37,1,220,218,2,6482,6245,237,51,50,1,1,91.01123596,Arch
54eefb8d780237a7108c2a0c91b12282686426ad,1,0,2,2,2,0,0,0,72,0,1,1,0.0,905,4,39,3,218,218,0,6255,6277,22,50,50,0,1,91.10535406,Arch
a593cb03f93a9d449723c0e5d765bf2dcf55e132,7,338,213,125,551,2,1,3,70,245,1,7,2.21548273,2550,1,11,4,547,507,40,15973,14754,1219,161,162,1,0,90.79569892,Arch
4c1463cba1bc268c2ccf2a506d27e6ee84030316,10,262,378,116,640,1,2,3,87,1219,1,9,2.521166669,4953,2,0,0,1074,925,149,28121,24733,3388,410,351,59,2,90.79569892,Arch
7e10babe3eaad11c90cfed41553fc0c1ff90c16a,2,22,4,18,26,0,0,0,19,18,1,2,0.930586129,765,3,41,0,123,114,9,3768,3388,380,47,41,6,1,87.11683696,Arch
c22a1a102d78558e04249dad2cc086ca647fc2dd,9,1545,2,1543,1547,3,0,3,64,29,1,5,1.950148742,1749,2,44,3,578,64,514,17930,1704,16226,271,26,245,1,87.87268332,Arch
8a3960ab1cdd9d575a7f5863f8e85f8bebd0419d,327,3276,5214,1938,8490,1,6,7,85,705,2,64,6.887239725,75914,1,0,0,9888,10181,293,383303,393957,10654,5011,5174,163,1,87.89110118,Arch
ce64ff7ba8f51a8f54c910407b89cb99b12f79df,1,0,2,2,2,0,0,0,72,0,1,1,0.0,905,4,37,5,218,218,0,6255,6277,22,50,50,0,1,91.10535406,Arch
6de8e985675034fbb3cac4dc8bd3cbed31461b33,2,22,4,18,26,0,0,0,19,0,1,2,0.930586129,765,3,39,7,123,114,9,3768,3388,380,47,41,6,1,87.11683696,Arch
bb9b589e0ebd7aed7fa477b273881c42409969ac,9,1545,2,1543,1547,3,0,3,64,0,1,5,1.950148742,1749,2,42,10,578,64,514,17930,1704,16226,271,26,245,1,87.87268332,Arch
89a31b9236c92b2036b8f4ddd190183a18c630fc,15,497,74,423,571,0,0,0,65,327,1,8,3.227672571,4881,3,0,0,876,677,199,27124,20392,6732,379,291,88,1,90.66455696,Arch
b26d194c974f2b29aeb4ba13054adcb339310dfa,15,74,497,423,571,0,0,0,64,1117,1,8,3.227672571,5304,2,4,0,828,876,48,24982,27124,2142,360,379,19,1,90.66455696,Arch
ff5bb456e751e9128606c6bbffe638e256ee2c1c,15,497,74,423,571,0,0,0,65,309,1,8,3.227672571,4881,3,0,0,876,677,199,27124,20392,6732,379,291,88,1,90.66455696,Arch
c3964345189581db8347bf0e038a0559d7a7626c,331,3679,5568,1889,9247,3,5,8,86,700,2,65,6.831651852,76907,1,14,0,10064,10328,264,388925,398755,9830,5076,5242,166,0,86.44351464,Arch
f2c7b08c3395cd9065730c21bd1a6dc25a57dbf4,331,5568,3679,1889,9247,5,3,8,88,2993,2,65,6.831651852,75018,2,0,0,10328,9948,380,398755,386281,12474,5242,5038,204,0,86.44351464,Arch
f6c044e56f9de7d3e34eeb1702c11fa4add04d84,6,202,7,195,209,1,0,1,22,115,1,4,2.100465504,2671,4,50,1,412,247,165,16045,7929,8116,254,154,100,1,89.30369128,Arch
39481e665620fec527085552c4c71571f5aeb68f,21,9,1455,1446,1464,0,13,13,81,138,1,10,3.768277817,5549,3,476,0,769,856,87,23477,28975,5498,351,419,68,1,88.33757422,Arch
749934f3cd13c413e293815e7f64848a688a6e60,20,1454,8,1446,1462,13,0,13,22,60,1,9,3.758443164,2938,4,0,0,541,302,239,21853,9314,12539,323,168,155,1,88.33757422,Arch
fb7f023daf40c6373dc60db436fe302c70805493,39,62,2090,2028,2152,0,15,15,88,375,1,20,4.568678693,14897,3,50,0,2113,2242,129,77585,86960,9375,981,1074,93,1,87.4839812,Arch
c80d1eec0229ea733e0ed0f4e7c0c4b90d81f841,6,202,7,195,209,1,0,1,20,361,1,4,2.100465504,2671,4,53,3,412,247,165,16045,7929,8116,254,154,100,1,89.30369128,Arch
c3384e4d016bac264f6577fff9543199a1fb1970,18,771,158,613,929,6,0,6,89,1402,1,10,2.959006979,3538,1,17,1,733,637,96,22248,19220,3028,321,305,16,0,97.37171464,Arch
b735b4259d0512482477a2648b92d095a29cfa54,18,158,771,613,929,0,6,6,90,1052,1,10,2.959006979,4151,2,4,0,637,238,399,19220,8301,10919,305,95,210,1,97.37171464,Arch
884fbabd3a07e6442dac9a43f34eb9ca0e5a0cbc,26,1078,65,1013,1143,5,0,5,90,992,1,18,3.501453382,7497,3,18,0,1424,653,771,46540,21692,24848,623,316,307,0,97.29053772,Arch
0550d2cce2793d1b810960a652f03fadf88b02ff,6,1,715,714,716,0,5,5,3,0,1,4,2.060193345,733,0,0,0,1,116,115,140,3916,3776,1,20,19,1,97.37390579,Arch
874fff780dfe6d6ee8a3fa13f461110794b56f35,30,1425,65,1360,1490,9,0,9,90,832,1,19,3.956671437,7497,3,19,1,1458,653,805,48129,21692,26437,645,316,329,0,96.89054726,Arch
e38f7074d7c8f9156b39c8310302486ced93767a,30,81,1424,1343,1505,0,9,9,89,1200,1,19,3.99190632,8857,2,2,1,1272,1444,172,40841,47560,6719,590,634,44,1,96.89054726,Arch
ce1654df5e6b3c9e4b142678b61d36f19c9da359,9,1049,0,1049,1049,9,0,9,7,77,1,4,2.959224685,0,1,23,0,149,0,149,5321,0,5321,41,0,41,0,96.973466,Arch
61ab73837a56b5ce89b6a05d205b38b78d58cea9,45,8,181,173,189,0,0,0,77,40,1,15,4.833284539,12084,2,31,10,1600,1600,0,71633,73162,1529,805,805,0,1,90.36850921,Arch
238714d324d1623f144ca09c0dfb10330a2ba2c4,18,266,1167,901,1433,1,9,10,98,112,1,6,3.621903171,8783,0,0,0,1148,1199,51,42546,35244,7302,608,624,16,1,90.46372476,Arch
cf2f30336efe0ecc3debc7bede86fde6d23f7c79,6,185,1,184,186,2,0,2,42,424,1,4,1.481711093,720,4,10,0,81,9,72,4634,322,4312,46,8,38,1,95.40186916,Arch
d799e1829a39ca0379f3e12d2e8cfdf5fcd26151,16,277,147,130,424,1,0,1,100,114,1,12,3.127280101,9170,3,7,5,1947,1810,137,52383,48358,4025,706,638,68,1,95.06454062,Arch
25032e10a86851bdabfa29b99885ccfc03c6667e,97,1536,1876,340,3412,0,1,1,78,730,1,21,5.533997794,26812,3,2,0,2399,2332,67,166047,163404,2643,1507,1451,56,1,95.49005682,Arch
409dac80e9e042f308d097f64b496df122c58dd2,3,96,128,32,224,1,2,3,6,102,1,1,1.556254104,128,2,0,0,5,6,1,398,525,127,3,2,1,1,90.27088897,Arch
c6f772b408046c61b3269d8aecc5f1684bcad6fb,8,93,9,84,102,3,0,3,26,585,1,3,2.537838264,2067,4,0,0,319,316,3,9377,9221,156,164,161,3,1,90.29618083,Arch
eb06f71861025c9261b5ad7a09cab0c46f2ac311,14,85,310,225,395,0,2,2,79,363,1,8,2.377382028,3310,3,31,4,311,292,19,19471,17017,2454,180,165,15,1,93.59831164,Arch
7ed38d7c7e150987ef8bf035196576fc158e03eb,23,747,73,674,820,7,0,7,99,85,1,11,3.918194014,6620,11,0,0,1248,520,728,38499,17453,21046,516,243,273,2,92.57142857,Arch
ac95febf82b15ffa564cac1d92475cdf6efed9f6,27,105,52,53,157,0,0,0,21,1085,1,10,4.389798373,4594,4,37,1,396,393,3,21133,20546,587,227,226,1,1,97.37817797,Arch
48ed810a0d1352adcb3f608ff33b186ed433e784,41,5112,0,5112,5112,40,0,40,28,10,1,7,5.280279968,1972,1,14,1,762,0,762,38876,0,38876,449,0,449,1,89.33823529,Arch
c369dd1b4d2f807bfdec5b25317a5adee855d7fc,13,699,679,20,1378,2,2,4,90,0,1,6,3.191020235,5616,2,11,0,769,767,2,30824,30819,5,430,429,1,0,92.23268325,Arch
4c0e41cebc0804c563dffe98a58c06b1c39098e1,22,104,121,17,225,0,0,0,94,83,1,13,3.588312035,5392,6,47,9,642,648,6,32584,32754,170,309,311,2,1,95.83492549,Arch
3a600f36db48d3bf236f06a4b7ae9a264443ae7e,4,34,3,31,37,0,0,0,22,2156,1,3,1.834567814,1663,7,0,0,189,159,30,10555,5558,4997,55,29,26,1,95.61177078,Arch
42787b7926631b0a6dff4388ec66116373fc2365,2,198,24,174,222,1,0,1,78,215,1,2,0.995252549,626,1,3,2,136,112,24,3795,2909,886,58,44,14,1,94.19424851,Arch
