eb3b1bbd9c5c1648af42eca6ab33d3db80ea88d7	
86d3ba82a52c921bcf820f580405e06fd3d797cd	
86c74fb4b57813378fe2fd71d44dc1f8f7a28056	
751a179769ed29c686558cd618a7934754b6691f	
e6715a6d0792cca5fb0fd6961d565fa869795433	
e2e7fd906abe882be5d9ffa6f8ce0ef9025f7107	
0039f146bd31549fee2b80119a3c977a5072a5d5	
f352f56536e1855bdb97208b23f65c659eed3b69	
f03f432cc7d71b7969d56f9dc17ca264a3771650	
2034a4ee5bc4fd9623797590e1dbb411e4848787	
eeb1023f9630a576bf8ea2d5b0e485f565e90e42	
62806bad9162f22afe69f01e97ea96321d83710a	
127800a158ce6d6af08e5b32e01e153ade03d474	
79d571847ca673a23733377fdfd9a489017c499c	
a02c72575832bd9a451bd6d8fed62c7818eac611	
e1d53e342f55f7ee51b8f4b04fc03aaa287712dd	
f736dfd4dd6089d9323cf7290ca7852c9dd045cd	
73b69bc59c61294a6689b695342e7f9d6b48db90	
b9821a460520ea9c7f5bcc6cb35a33c725295f44	
c529c6d5821d89bfb3f37e2c6bb0ec9b83635899	
a84db2bc15c8876d40993d29adfe22f8aa9601cd	
a1ea81add49b8684f979988f342193a547795fb0	
710e2379a2ef1c5c4d2cf6ada9e0dc49795f5c86	
97a5793f050400d38b07d4fbab0539809ce579ff	
acba0fcdc047d14f0a28a88aec0a9b8b0cf524f8	
f49a465349ae11ffccfffb1ed0693363a8b28a87	
b062afaea6c4534bea3e2ec1387afb549da72570	
490d0c72dc345c4683e9099e8f2b5244cffb868a	
c454652c1cd491976b894dc293856c8f73495725	
b43975aa1e773cd471f5771d7c7faac7a0f73a7c	
7d83e93e0d50487125d747265d2aa325cdce029d	
604f27bc286f17bb8b43c25c1aa3302882c80395	
d8d90987da6300e3c0a8741dfedc8109fee49da2	
14c0ae1564cd6a067abb735c3b4f09ddf200910a	
1dbb683d17f571213a8367d8e1306019063325d3	
e6994922462bdae76cceebdd19515a76f15497bf	
12b51f98003fb0af5966eb6710a8270d69dd7ee3	
116a973813541d4f6ca000ae27090074871e714e	
